hgvs_pro	WT	Location	MT	Score	Replicates	Freq
p.Thr167Cys	Thr	167	Cys	0	4	0
p.Thr167Arg	Thr	167	Arg	1	4	0.25
p.Thr167Ala	Thr	167	Ala	0	4	0
p.Thr164Leu	Thr	164	Leu	0	4	0
p.Thr164Gly	Thr	164	Gly	0	4	0
p.Thr164Glu	Thr	164	Glu	0	3	0
p.Thr164Arg	Thr	164	Arg	0	4	0
p.Thr161Val	Thr	161	Val	0	4	0
p.Thr161Ser	Thr	161	Ser	0	4	0
p.Thr161Pro	Thr	161	Pro	0	4	0
p.Thr161Leu	Thr	161	Leu	0	4	0
p.Thr161Gly	Thr	161	Gly	0	4	0
p.Thr161Glu	Thr	161	Glu	0	4	0
p.Thr161Asp	Thr	161	Asp	0	3	0
p.Thr161Arg	Thr	161	Arg	0	4	0
p.Thr161Ala	Thr	161	Ala	0	4	0
p.Thr150Val	Thr	150	Val	0	3	0
p.Thr150Ser	Thr	150	Ser	0	4	0
p.Thr150Gly	Thr	150	Gly	0	4	0
p.Thr150Arg	Thr	150	Arg	0	4	0
p.Ser242Asn	Ser	242	Asn	0	3	0
p.Ser186Val	Ser	186	Val	1	4	0.25
p.Ser186Thr	Ser	186	Thr	0	4	0
p.Ser186Pro	Ser	186	Pro	0	4	0
p.Ser186Met	Ser	186	Met	0	4	0
p.Ser186Lys	Ser	186	Lys	0	4	0
p.Ser186Leu	Ser	186	Leu	0	4	0
p.Ser186Ile	Ser	186	Ile	0	4	0
p.Ser186Gly	Ser	186	Gly	0	4	0
p.Ser186Glu	Ser	186	Glu	0	4	0
p.Ser186Gln	Ser	186	Gln	0	4	0
p.Ser186Cys	Ser	186	Cys	0	3	0
p.Ser186Asp	Ser	186	Asp	0	4	0
p.Ser186Arg	Ser	186	Arg	0	4	0
p.Ser186Ala	Ser	186	Ala	0	4	0
p.Ser184Val	Ser	184	Val	0	4	0
p.Ser184Trp	Ser	184	Trp	0	4	0
p.Ser184Pro	Ser	184	Pro	0	4	0
p.Ser184Met	Ser	184	Met	0	4	0
p.Ser184Leu	Ser	184	Leu	0	4	0
p.Ser184Gly	Ser	184	Gly	1	4	0.25
p.Ser184Glu	Ser	184	Glu	0	4	0
p.Ser184Arg	Ser	184	Arg	1	4	0.25
p.Ser184Ala	Ser	184	Ala	0	4	0
p.Ser177Val	Ser	177	Val	0	4	0
p.Ser177Pro	Ser	177	Pro	0	4	0
p.Ser177Leu	Ser	177	Leu	0	3	0
p.Ser177Gly	Ser	177	Gly	0	4	0
p.Ser177Glu	Ser	177	Glu	0	4	0
p.Ser177Arg	Ser	177	Arg	0	4	0
p.Ser177Ala	Ser	177	Ala	1	4	0.25
p.Ser157Val	Ser	157	Val	0	4	0
p.Ser157Tyr	Ser	157	Tyr	0	4	0
p.Ser157Pro	Ser	157	Pro	0	4	0
p.Ser157Phe	Ser	157	Phe	0	3	0
p.Ser157Met	Ser	157	Met	0	3	0
p.Ser157Leu	Ser	157	Leu	0	4	0
p.Ser157Ile	Ser	157	Ile	0	3	0
p.Ser157His	Ser	157	His	1	4	0.25
p.Ser157Gly	Ser	157	Gly	1	4	0.25
p.Ser157Arg	Ser	157	Arg	0	4	0
p.Ser157Ala	Ser	157	Ala	0	4	0
p.Ser153Leu	Ser	153	Leu	0	4	0
p.Ser153Gly	Ser	153	Gly	0	4	0
p.Ser153Gln	Ser	153	Gln	0	3	0
p.Ser153Arg	Ser	153	Arg	0	4	0
p.Ser153Ala	Ser	153	Ala	0	4	0
p.Ser151Val	Ser	151	Val	0	4	0
p.Ser151Trp	Ser	151	Trp	0	4	0
p.Ser151Leu	Ser	151	Leu	0	4	0
p.Ser151Gly	Ser	151	Gly	0	4	0
p.Ser151Glu	Ser	151	Glu	0	4	0
p.Ser151Gln	Ser	151	Gln	0	3	0
p.Ser151Arg	Ser	151	Arg	0	4	0
p.Ser151Ala	Ser	151	Ala	0	3	0
p.Ser146Val	Ser	146	Val	0	4	0
p.Ser146Trp	Ser	146	Trp	0	4	0
p.Ser146Pro	Ser	146	Pro	0	3	0
p.Ser146Leu	Ser	146	Leu	0	4	0
p.Ser146Gly	Ser	146	Gly	0	4	0
p.Ser146Arg	Ser	146	Arg	0	4	0
p.Ser146Ala	Ser	146	Ala	0	4	0
p.Ser140Val	Ser	140	Val	0	4	0
p.Ser140Trp	Ser	140	Trp	1	4	0.25
p.Ser140Thr	Ser	140	Thr	0	4	0
p.Ser140Pro	Ser	140	Pro	1	4	0.25
p.Ser140Leu	Ser	140	Leu	0	3	0
p.Ser140Ile	Ser	140	Ile	1	4	0.25
p.Ser140His	Ser	140	His	0	4	0
p.Ser140Gly	Ser	140	Gly	0	4	0
p.Ser140Glu	Ser	140	Glu	1	4	0.25
p.Ser140Gln	Ser	140	Gln	0	3	0
p.Ser140Cys	Ser	140	Cys	0	4	0
p.Ser140Asp	Ser	140	Asp	0	4	0
p.Ser140Arg	Ser	140	Arg	0	4	0
p.Ser140Ala	Ser	140	Ala	0	4	0
p.Ser127Gly	Ser	127	Gly	0	4	0
p.Ser127Ala	Ser	127	Ala	0	4	0
p.Ser123Val	Ser	123	Val	0	4	0
p.Ser123Pro	Ser	123	Pro	0	4	0
p.Ser123Leu	Ser	123	Leu	0	4	0
p.Ser123Gly	Ser	123	Gly	0	4	0
p.Ser123Arg	Ser	123	Arg	0	4	0
p.Ser123Ala	Ser	123	Ala	0	4	0
p.Ser114Gly	Ser	114	Gly	0	4	0
p.Ser114Arg	Ser	114	Arg	0	3	0
p.Ser114Ala	Ser	114	Ala	0	4	0
p.Ser104Val	Ser	104	Val	0	4	0
p.Ser104Thr	Ser	104	Thr	0	4	0
p.Ser104Ter	Ser	104	Ter	4	4	1
p.Ser104Pro	Ser	104	Pro	0	4	0
p.Ser104Gly	Ser	104	Gly	0	4	0
p.Ser104Glu	Ser	104	Glu	0	3	0
p.Ser104Asp	Ser	104	Asp	0	3	0
p.Ser104Arg	Ser	104	Arg	0	4	0
p.Ser104Ala	Ser	104	Ala	0	4	0
p.Pro173Ser	Pro	173	Ser	0	4	0
p.Pro173Gly	Pro	173	Gly	0	4	0
p.Pro173Arg	Pro	173	Arg	0	4	0
p.Pro173Ala	Pro	173	Ala	0	3	0
p.Pro145Val	Pro	145	Val	0	4	0
p.Pro145Phe	Pro	145	Phe	0	3	0
p.Pro145Met	Pro	145	Met	0	4	0
p.Pro145Leu	Pro	145	Leu	0	4	0
p.Pro145Gly	Pro	145	Gly	0	4	0
p.Pro145Glu	Pro	145	Glu	0	4	0
p.Pro145Gln	Pro	145	Gln	0	4	0
p.Pro145Arg	Pro	145	Arg	2	4	0.5
p.Pro145Ala	Pro	145	Ala	0	4	0
p.Pro142Val	Pro	142	Val	0	4	0
p.Pro142Thr	Pro	142	Thr	0	4	0
p.Pro142Lys	Pro	142	Lys	0	4	0
p.Pro142Ile	Pro	142	Ile	1	3	0.333333333333333
p.Pro142Gly	Pro	142	Gly	0	4	0
p.Pro142Glu	Pro	142	Glu	0	4	0
p.Pro142Asp	Pro	142	Asp	0	4	0
p.Pro142Arg	Pro	142	Arg	0	4	0
p.Pro142Ala	Pro	142	Ala	0	4	0
p.Pro115Leu	Pro	115	Leu	0	3	0
p.Pro115Gly	Pro	115	Gly	0	4	0
p.Pro115Gln	Pro	115	Gln	0	3	0
p.Pro115Cys	Pro	115	Cys	0	3	0
p.Pro115Arg	Pro	115	Arg	0	4	0
p.Pro115Ala	Pro	115	Ala	0	4	0
p.Phe107Val	Phe	107	Val	0	4	0
p.Phe107Ser	Phe	107	Ser	1	3	0.333333333333333
p.Phe107Pro	Phe	107	Pro	0	3	0
p.Phe107Leu	Phe	107	Leu	0	4	0
p.Phe107Gly	Phe	107	Gly	0	4	0
p.Phe107Glu	Phe	107	Glu	0	4	0
p.Phe107Ala	Phe	107	Ala	0	4	0
p.Met128Val	Met	128	Val	0	4	0
p.Met128Thr	Met	128	Thr	0	4	0
p.Met128Ser	Met	128	Ser	0	3	0
p.Met128Pro	Met	128	Pro	0	4	0
p.Met128Lys	Met	128	Lys	0	4	0
p.Met128Leu	Met	128	Leu	0	4	0
p.Met128Gly	Met	128	Gly	0	4	0
p.Met128Glu	Met	128	Glu	2	4	0.5
p.Met128Arg	Met	128	Arg	1	4	0.25
p.Met128Ala	Met	128	Ala	1	4	0.25
p.Lys175Val	Lys	175	Val	0	4	0
p.Lys175Thr	Lys	175	Thr	0	4	0
p.Lys175Ser	Lys	175	Ser	0	4	0
p.Lys175Pro	Lys	175	Pro	0	4	0
p.Lys175Met	Lys	175	Met	0	3	0
p.Lys175Leu	Lys	175	Leu	0	4	0
p.Lys175Gly	Lys	175	Gly	0	4	0
p.Lys175Glu	Lys	175	Glu	0	4	0
p.Lys175Asp	Lys	175	Asp	0	3	0
p.Lys175Arg	Lys	175	Arg	0	4	0
p.Lys175Ala	Lys	175	Ala	0	4	0
p.Lys168Val	Lys	168	Val	0	4	0
p.Lys168Trp	Lys	168	Trp	0	3	0
p.Lys168Thr	Lys	168	Thr	0	4	0
p.Lys168Ser	Lys	168	Ser	0	4	0
p.Lys168Pro	Lys	168	Pro	0	4	0
p.Lys168Leu	Lys	168	Leu	0	4	0
p.Lys168Ile	Lys	168	Ile	0	4	0
p.Lys168Gly	Lys	168	Gly	0	4	0
p.Lys168Glu	Lys	168	Glu	0	4	0
p.Lys168Gln	Lys	168	Gln	0	3	0
p.Lys168Cys	Lys	168	Cys	0	4	0
p.Lys168Asp	Lys	168	Asp	0	3	0
p.Lys168Arg	Lys	168	Arg	0	4	0
p.Lys168Ala	Lys	168	Ala	0	4	0
p.Lys135Val	Lys	135	Val	0	4	0
p.Lys135Tyr	Lys	135	Tyr	0	4	0
p.Lys135Thr	Lys	135	Thr	0	4	0
p.Lys135Ser	Lys	135	Ser	0	4	0
p.Lys135Pro	Lys	135	Pro	0	4	0
p.Lys135Phe	Lys	135	Phe	0	4	0
p.Lys135Met	Lys	135	Met	0	3	0
p.Lys135Leu	Lys	135	Leu	0	4	0
p.Lys135Ile	Lys	135	Ile	1	4	0.25
p.Lys135His	Lys	135	His	0	4	0
p.Lys135Gly	Lys	135	Gly	0	4	0
p.Lys135Glu	Lys	135	Glu	0	4	0
p.Lys135Gln	Lys	135	Gln	0	4	0
p.Lys135Cys	Lys	135	Cys	0	4	0
p.Lys135Asp	Lys	135	Asp	0	4	0
p.Lys135Asn	Lys	135	Asn	0	4	0
p.Lys135Arg	Lys	135	Arg	0	4	0
p.Lys135Ala	Lys	135	Ala	0	4	0
p.Lys110Val	Lys	110	Val	1	4	0.25
p.Lys110Ser	Lys	110	Ser	0	4	0
p.Lys110Leu	Lys	110	Leu	0	3	0
p.Lys110Gly	Lys	110	Gly	0	4	0
p.Lys110Glu	Lys	110	Glu	0	4	0
p.Lys110Arg	Lys	110	Arg	1	4	0.25
p.Lys110Ala	Lys	110	Ala	0	4	0
p.Leu99Val	Leu	99	Val	0	4	0
p.Leu99Tyr	Leu	99	Tyr	0	3	0
p.Leu99Ser	Leu	99	Ser	1	4	0.25
p.Leu99Gly	Leu	99	Gly	2	4	0.5
p.Leu99Asp	Leu	99	Asp	0	4	0
p.Gln155Asn	Gln	155	Asn	0	3	0
p.Gln155Arg	Gln	155	Arg	0	4	0
p.Gln155Ala	Gln	155	Ala	0	4	0
p.Gln148Val	Gln	148	Val	0	4	0
p.Gln148Thr	Gln	148	Thr	0	3	0
p.Gln148Ser	Gln	148	Ser	0	4	0
p.Gln148Pro	Gln	148	Pro	0	4	0
p.Gln148Lys	Gln	148	Lys	0	3	0
p.Gln148Leu	Gln	148	Leu	0	4	0
p.Gln148Gly	Gln	148	Gly	0	4	0
p.Gln148Glu	Gln	148	Glu	0	4	0
p.Gln148Cys	Gln	148	Cys	0	4	0
p.Gln148Arg	Gln	148	Arg	0	4	0
p.Gln148Ala	Gln	148	Ala	0	4	0
p.Gln139Val	Gln	139	Val	0	4	0
p.Gln139Trp	Gln	139	Trp	0	3	0
p.Gln139Ser	Gln	139	Ser	1	4	0.25
p.Gln139Phe	Gln	139	Phe	0	3	0
p.Gln139Leu	Gln	139	Leu	0	4	0
p.Gln139Gly	Gln	139	Gly	1	4	0.25
p.Gln139Asp	Gln	139	Asp	0	3	0
p.Gln139Arg	Gln	139	Arg	0	4	0
p.Gln139Ala	Gln	139	Ala	0	4	0
p.Gln126Ser	Gln	126	Ser	0	3	0
p.Gln126Lys	Gln	126	Lys	0	3	0
p.Gln126Ile	Gln	126	Ile	0	3	0
p.Gln126Gly	Gln	126	Gly	0	4	0
p.Gln126Glu	Gln	126	Glu	0	3	0
p.Gln126Arg	Gln	126	Arg	0	4	0
p.Gln126Ala	Gln	126	Ala	1	4	0.25
p.Asp189Val	Asp	189	Val	0	4	0
p.Asp189Ser	Asp	189	Ser	0	3	0
p.Asp189Pro	Asp	189	Pro	0	4	0
p.Asp189Met	Asp	189	Met	0	3	0
p.Asp189Leu	Asp	189	Leu	0	4	0
p.Asp189Gly	Asp	189	Gly	0	4	0
p.Asp189Asn	Asp	189	Asn	0	3	0
p.Asp189Arg	Asp	189	Arg	0	4	0
p.Asp189Ala	Asp	189	Ala	0	4	0
p.Asp185Val	Asp	185	Val	0	4	0
p.Asp185Trp	Asp	185	Trp	0	4	0
p.Asp185Thr	Asp	185	Thr	0	4	0
p.Asp185Ser	Asp	185	Ser	0	4	0
p.Asp185Pro	Asp	185	Pro	0	4	0
p.Asp185Lys	Asp	185	Lys	0	4	0
p.Asp185Leu	Asp	185	Leu	0	4	0
p.Asp185Gly	Asp	185	Gly	0	4	0
p.Asp185Glu	Asp	185	Glu	0	4	0
p.Asp185Arg	Asp	185	Arg	0	4	0
p.Asp185Ala	Asp	185	Ala	1	4	0.25
p.Asp120Val	Asp	120	Val	0	4	0
p.Asp120Thr	Asp	120	Thr	0	4	0
p.Asp120Ser	Asp	120	Ser	0	4	0
p.Asp120Pro	Asp	120	Pro	0	3	0
p.Asp120Met	Asp	120	Met	0	4	0
p.Asp120Leu	Asp	120	Leu	0	4	0
p.Asp120Gly	Asp	120	Gly	0	4	0
p.Asp120Glu	Asp	120	Glu	0	4	0
p.Asp120Asn	Asp	120	Asn	0	4	0
p.Asp120Arg	Asp	120	Arg	0	4	0
p.Asp120Ala	Asp	120	Ala	0	4	0
p.Asn158Val	Asn	158	Val	0	3	0
p.Asn158Trp	Asn	158	Trp	0	3	0
p.Asn158Ser	Asn	158	Ser	0	4	0
p.Asn158Pro	Asn	158	Pro	0	3	0
p.Asn158Leu	Asn	158	Leu	0	4	0
p.Asn158Gly	Asn	158	Gly	0	4	0
p.Asn158Cys	Asn	158	Cys	0	3	0
p.Asn158Arg	Asn	158	Arg	1	4	0.25
p.Asn158Ala	Asn	158	Ala	0	3	0
p.Asn144Val	Asn	144	Val	0	4	0
p.Asn144Ser	Asn	144	Ser	1	4	0.25
p.Asn144Gly	Asn	144	Gly	0	4	0
p.Asn144Glu	Asn	144	Glu	0	4	0
p.Asn144Arg	Asn	144	Arg	0	4	0
p.Asn144Ala	Asn	144	Ala	0	4	0
p.Asn132Thr	Asn	132	Thr	1	4	0.25
p.Asn132Gly	Asn	132	Gly	0	4	0
p.Asn132Glu	Asn	132	Glu	0	4	0
p.Asn132Arg	Asn	132	Arg	0	4	0
p.Asn113Ser	Asn	113	Ser	0	4	0
p.Asn113Leu	Asn	113	Leu	1	4	0.25
p.Asn113Gly	Asn	113	Gly	0	4	0
p.Asn113Arg	Asn	113	Arg	1	4	0.25
p.Asn113Ala	Asn	113	Ala	1	4	0.25
p.Asn112Gly	Asn	112	Gly	0	4	0
p.Asn106Val	Asn	106	Val	0	4	0
p.Asn106Thr	Asn	106	Thr	0	4	0
p.Asn106Ser	Asn	106	Ser	0	4	0
p.Asn106Pro	Asn	106	Pro	0	4	0
p.Asn106Phe	Asn	106	Phe	0	4	0
p.Asn106Leu	Asn	106	Leu	0	4	0
p.Asn106Gly	Asn	106	Gly	0	4	0
p.Asn106Arg	Asn	106	Arg	0	4	0
p.Asn106Ala	Asn	106	Ala	0	3	0
p.Asn103Val	Asn	103	Val	0	4	0
p.Asn103Thr	Asn	103	Thr	0	4	0
p.Asn103Ser	Asn	103	Ser	0	4	0
p.Asn103Pro	Asn	103	Pro	0	4	0
p.Asn103Gly	Asn	103	Gly	0	4	0
p.Asn103Glu	Asn	103	Glu	0	3	0
p.Asn103Arg	Asn	103	Arg	0	4	0
p.Asn103Ala	Asn	103	Ala	0	3	0
p.Arg170Val	Arg	170	Val	0	4	0
p.Arg170Thr	Arg	170	Thr	0	3	0
p.Arg170Ser	Arg	170	Ser	0	4	0
p.Arg170Pro	Arg	170	Pro	0	3	0
p.Arg170Leu	Arg	170	Leu	0	4	0
p.Arg170His	Arg	170	His	0	4	0
p.Arg170Gly	Arg	170	Gly	0	4	0
p.Arg170Glu	Arg	170	Glu	0	4	0
p.Arg170Gln	Arg	170	Gln	0	3	0
p.Arg170Cys	Arg	170	Cys	0	4	0
p.Arg170Asp	Arg	170	Asp	0	4	0
p.Arg170Ala	Arg	170	Ala	0	4	0
p.Arg166Val	Arg	166	Val	0	4	0
p.Arg166Thr	Arg	166	Thr	0	4	0
p.Arg166Ser	Arg	166	Ser	0	4	0
p.Arg166Pro	Arg	166	Pro	0	4	0
p.Arg166Leu	Arg	166	Leu	0	4	0
p.Arg166Gly	Arg	166	Gly	0	4	0
p.Arg166Glu	Arg	166	Glu	0	3	0
p.Arg166Gln	Arg	166	Gln	0	3	0
p.Arg166Asp	Arg	166	Asp	0	4	0
p.Arg166Ala	Arg	166	Ala	0	4	0
p.Arg163Val	Arg	163	Val	0	4	0
p.Arg163Thr	Arg	163	Thr	0	4	0
p.Arg163Ser	Arg	163	Ser	0	4	0
p.Arg163Leu	Arg	163	Leu	0	3	0
p.Arg163Ile	Arg	163	Ile	0	4	0
p.Arg163Gly	Arg	163	Gly	0	4	0
p.Arg163Glu	Arg	163	Glu	1	4	0.25
p.Arg163Ala	Arg	163	Ala	0	4	0
p.Arg136Gly	Arg	136	Gly	0	4	0
p.Arg133Val	Arg	133	Val	0	4	0
p.Arg133Ser	Arg	133	Ser	0	3	0
p.Arg133Pro	Arg	133	Pro	0	4	0
p.Arg133Leu	Arg	133	Leu	0	4	0
p.Arg133His	Arg	133	His	0	3	0
p.Arg133Gly	Arg	133	Gly	0	4	0
p.Arg133Glu	Arg	133	Glu	0	4	0
p.Arg133Gln	Arg	133	Gln	0	4	0
p.Arg133Ala	Arg	133	Ala	0	4	0
p.Arg131Val	Arg	131	Val	0	4	0
p.Arg131Trp	Arg	131	Trp	0	3	0
p.Arg131Thr	Arg	131	Thr	0	4	0
p.Arg131Ser	Arg	131	Ser	0	3	0
p.Arg131Pro	Arg	131	Pro	0	4	0
p.Arg131Leu	Arg	131	Leu	0	4	0
p.Arg131Gly	Arg	131	Gly	0	4	0
p.Arg131Asp	Arg	131	Asp	0	4	0
p.Arg131Asn	Arg	131	Asn	0	3	0
p.Arg131Ala	Arg	131	Ala	0	4	0
p.Ala134Val	Ala	134	Val	0	4	0
p.Ala134Thr	Ala	134	Thr	1	4	0.25
p.Ala134Lys	Ala	134	Lys	0	3	0
p.Ala134Gly	Ala	134	Gly	0	4	0
p.Ala134Glu	Ala	134	Glu	0	4	0
p.Ala134Arg	Ala	134	Arg	0	4	0
p.Ala108Val	Ala	108	Val	0	4	0
p.Ala108Ser	Ala	108	Ser	0	4	0
p.Ala108Leu	Ala	108	Leu	0	4	0
p.Ala108Gly	Ala	108	Gly	0	4	0
p.Ala108Glu	Ala	108	Glu	0	4	0
p.Ala108Gln	Ala	108	Gln	0	4	0
p.Ala108Cys	Ala	108	Cys	0	3	0
p.Ala108Arg	Ala	108	Arg	0	4	0
p.Ala102Val	Ala	102	Val	0	4	0
p.Ala102Thr	Ala	102	Thr	0	4	0
p.Ala102Ser	Ala	102	Ser	0	4	0
p.Ala102Pro	Ala	102	Pro	0	3	0
p.Ala102Lys	Ala	102	Lys	0	4	0
p.Ala102Leu	Ala	102	Leu	0	4	0
p.Ala102Gly	Ala	102	Gly	0	4	0
p.Ala102Glu	Ala	102	Glu	0	4	0
p.Ala102Gln	Ala	102	Gln	0	4	0
p.Ala102Asp	Ala	102	Asp	0	4	0
p.Ala102Arg	Ala	102	Arg	0	4	0
p.Val8Gly	Val	8	Gly	0	4	0
p.Val8Arg	Val	8	Arg	0	4	0
p.Val83Gly	Val	83	Gly	0	4	0
p.Val35Gly	Val	35	Gly	3	3	1
p.Val35Glu	Val	35	Glu	2	3	0.666666666666667
p.Val14Met	Val	14	Met	3	4	0.75
p.Val14Gly	Val	14	Gly	0	4	0
p.Val14Arg	Val	14	Arg	2	4	0.5
p.Val14Ala	Val	14	Ala	1	4	0.25
p.Val11Thr	Val	11	Thr	0	4	0
p.Val11Gly	Val	11	Gly	4	4	1
p.Val11Glu	Val	11	Glu	4	4	1
p.Val191Trp	Val	191	Trp	0	4	0
p.Val191Ser	Val	191	Ser	0	4	0
p.Val191Met	Val	191	Met	0	3	0
p.Val191Leu	Val	191	Leu	0	3	0
p.Val191Gly	Val	191	Gly	0	4	0
p.Val191Glu	Val	191	Glu	0	4	0
p.Val191Gln	Val	191	Gln	0	4	0
p.Val191Asp	Val	191	Asp	0	4	0
p.Val191Arg	Val	191	Arg	0	4	0
p.Val191Ala	Val	191	Ala	0	4	0
p.Val178Thr	Val	178	Thr	0	3	0
p.Val178Ter	Val	178	Ter	4	3	1
p.Val178Ser	Val	178	Ser	0	4	0
p.Val178Pro	Val	178	Pro	0	4	0
p.Val178Phe	Val	178	Phe	0	4	0
p.Val178Met	Val	178	Met	0	4	0
p.Val178Leu	Val	178	Leu	0	4	0
p.Val178His	Val	178	His	0	3	0
p.Val178Gly	Val	178	Gly	0	4	0
p.Val178Glu	Val	178	Glu	0	4	0
p.Val178Arg	Val	178	Arg	0	4	0
p.Val178Ala	Val	178	Ala	0	4	0
p.Val162Tyr	Val	162	Tyr	0	3	0
p.Val162Thr	Val	162	Thr	1	4	0.25
p.Val162Ser	Val	162	Ser	0	4	0
p.Val162Pro	Val	162	Pro	0	4	0
p.Val162Phe	Val	162	Phe	1	4	0.25
p.Val162Met	Val	162	Met	1	4	0.25
p.Val162Lys	Val	162	Lys	0	4	0
p.Val162Leu	Val	162	Leu	0	4	0
p.Val162Ile	Val	162	Ile	0	4	0
p.Val162His	Val	162	His	0	4	0
p.Val162Gly	Val	162	Gly	0	4	0
p.Val162Glu	Val	162	Glu	1	4	0.25
p.Val162Gln	Val	162	Gln	0	4	0
p.Val162Asp	Val	162	Asp	1	4	0.25
p.Val162Asn	Val	162	Asn	0	4	0
p.Val162Arg	Val	162	Arg	0	4	0
p.Val162Ala	Val	162	Ala	0	4	0
p.Val154Thr	Val	154	Thr	0	4	0
p.Val154Ser	Val	154	Ser	0	4	0
p.Val154Pro	Val	154	Pro	0	3	0
p.Val154Lys	Val	154	Lys	0	4	0
p.Val154Gly	Val	154	Gly	0	4	0
p.Val154Glu	Val	154	Glu	0	4	0
p.Val154Cys	Val	154	Cys	0	3	0
p.Val154Arg	Val	154	Arg	0	4	0
p.Val154Ala	Val	154	Ala	0	4	0
p.Val122Thr	Val	122	Thr	0	4	0
p.Val122Ser	Val	122	Ser	0	4	0
p.Val122Pro	Val	122	Pro	0	3	0
p.Val122Gly	Val	122	Gly	0	4	0
p.Val122Glu	Val	122	Glu	0	4	0
p.Val122Arg	Val	122	Arg	0	4	0
p.Tyr179Val	Tyr	179	Val	0	4	0
p.Tyr179Thr	Tyr	179	Thr	0	4	0
p.Tyr179Ser	Tyr	179	Ser	0	4	0
p.Tyr179Pro	Tyr	179	Pro	0	4	0
p.Tyr179Phe	Tyr	179	Phe	0	4	0
p.Tyr179Met	Tyr	179	Met	0	3	0
p.Tyr179Leu	Tyr	179	Leu	0	4	0
p.Tyr179Gly	Tyr	179	Gly	1	4	0.25
p.Tyr179Glu	Tyr	179	Glu	0	4	0
p.Tyr179Gln	Tyr	179	Gln	0	4	0
p.Tyr179Cys	Tyr	179	Cys	1	4	0.25
p.Tyr179Asp	Tyr	179	Asp	0	4	0
p.Tyr179Asn	Tyr	179	Asn	0	3	0
p.Tyr179Arg	Tyr	179	Arg	0	4	0
p.Tyr179Ala	Tyr	179	Ala	0	4	0
p.Tyr130Val	Tyr	130	Val	0	4	0
p.Tyr130Thr	Tyr	130	Thr	0	4	0
p.Tyr130Ser	Tyr	130	Ser	0	4	0
p.Tyr130Pro	Tyr	130	Pro	0	4	0
p.Tyr130Met	Tyr	130	Met	0	3	0
p.Tyr130Lys	Tyr	130	Lys	0	3	0
p.Tyr130Leu	Tyr	130	Leu	0	4	0
p.Tyr130Gly	Tyr	130	Gly	1	4	0.25
p.Tyr130Glu	Tyr	130	Glu	0	3	0
p.Tyr130Cys	Tyr	130	Cys	0	4	0
p.Tyr130Arg	Tyr	130	Arg	0	4	0
p.Tyr130Ala	Tyr	130	Ala	0	4	0
p.Tyr105Val	Tyr	105	Val	0	4	0
p.Tyr105Thr	Tyr	105	Thr	0	3	0
p.Tyr105Ser	Tyr	105	Ser	0	4	0
p.Tyr105Pro	Tyr	105	Pro	0	4	0
p.Tyr105Phe	Tyr	105	Phe	0	4	0
p.Tyr105Leu	Tyr	105	Leu	0	4	0
p.Tyr105Gly	Tyr	105	Gly	1	4	0.25
p.Tyr105Cys	Tyr	105	Cys	0	3	0
p.Tyr105Arg	Tyr	105	Arg	0	4	0
p.Tyr105Ala	Tyr	105	Ala	0	4	0
p.Tyr101Gly	Tyr	101	Gly	0	4	0
p.Tyr101Glu	Tyr	101	Glu	0	3	0
p.Tyr101Gln	Tyr	101	Gln	0	4	0
p.Tyr101Arg	Tyr	101	Arg	0	4	0
p.Tyr101Ala	Tyr	101	Ala	0	4	0
p.Thr97Val	Thr	97	Val	0	4	0
p.Thr97Pro	Thr	97	Pro	4	4	1
p.Thr97Lys	Thr	97	Lys	1	3	0.333333333333333
p.Thr97Leu	Thr	97	Leu	0	4	0
p.Thr97His	Thr	97	His	3	3	1
p.Thr97Gly	Thr	97	Gly	4	4	1
p.Thr97Glu	Thr	97	Glu	4	4	1
p.Thr97Gln	Thr	97	Gln	2	4	0.5
p.Thr97Asn	Thr	97	Asn	3	4	0.75
p.Thr97Arg	Thr	97	Arg	1	4	0.25
p.Thr97Ala	Thr	97	Ala	2	4	0.5
p.Thr190Gly	Thr	190	Gly	0	4	0
p.Thr190Glu	Thr	190	Glu	0	3	0
p.Thr190Asp	Thr	190	Asp	0	3	0
p.Thr190Arg	Thr	190	Arg	0	4	0
p.Thr190Ala	Thr	190	Ala	0	4	0
p.Thr176Val	Thr	176	Val	0	4	0
p.Thr176Ser	Thr	176	Ser	0	4	0
p.Thr176Pro	Thr	176	Pro	0	4	0
p.Thr176Lys	Thr	176	Lys	2	3	0.666666666666667
p.Thr176Leu	Thr	176	Leu	0	4	0
p.Thr176Gly	Thr	176	Gly	0	4	0
p.Thr176Glu	Thr	176	Glu	0	4	0
p.Thr176Gln	Thr	176	Gln	0	4	0
p.Thr176Cys	Thr	176	Cys	0	4	0
p.Thr176Asp	Thr	176	Asp	0	4	0
p.Thr176Arg	Thr	176	Arg	0	4	0
p.Thr176Ala	Thr	176	Ala	0	4	0
p.Thr167Val	Thr	167	Val	0	4	0
p.Thr167Trp	Thr	167	Trp	0	4	0
p.Thr167Ser	Thr	167	Ser	0	4	0
p.Thr167Pro	Thr	167	Pro	0	4	0
p.Thr167Phe	Thr	167	Phe	0	4	0
p.Thr167Lys	Thr	167	Lys	0	3	0
p.Thr167Leu	Thr	167	Leu	0	4	0
p.Thr167Ile	Thr	167	Ile	0	3	0
p.Thr167His	Thr	167	His	1	4	0.25
p.Thr167Gly	Thr	167	Gly	0	4	0
p.Thr167Glu	Thr	167	Glu	0	4	0
p.Thr167Gln	Thr	167	Gln	0	4	0
p.Val11Arg	Val	11	Arg	4	4	1
p.Val11Ala	Val	11	Ala	0	4	0
p.Thr77Val	Thr	77	Val	0	4	0
p.Thr77Met	Thr	77	Met	0	4	0
p.Thr77Gly	Thr	77	Gly	0	4	0
p.Thr77Arg	Thr	77	Arg	0	4	0
p.Thr77Ala	Thr	77	Ala	0	4	0
p.Thr69Gly	Thr	69	Gly	0	4	0
p.Thr37Val	Thr	37	Val	0	4	0
p.Thr37Gly	Thr	37	Gly	0	4	0
p.Thr37Arg	Thr	37	Arg	3	3	1
p.Ser80Val	Ser	80	Val	0	4	0
p.Ser80Gly	Ser	80	Gly	0	4	0
p.Ser80Glu	Ser	80	Glu	0	4	0
p.Ser80Arg	Ser	80	Arg	0	4	0
p.Ser80Ala	Ser	80	Ala	0	4	0
p.Ser76Gly	Ser	76	Gly	1	4	0.25
p.Ser76Glu	Ser	76	Glu	0	4	0
p.Ser76Arg	Ser	76	Arg	0	4	0
p.Ser72Gly	Ser	72	Gly	0	4	0
p.Ser59Gly	Ser	59	Gly	1	4	0.25
p.Ser59Arg	Ser	59	Arg	0	4	0
p.Ser4Gly	Ser	4	Gly	0	4	0
p.Ser4Arg	Ser	4	Arg	0	4	0
p.Pro58Gly	Pro	58	Gly	0	4	0
p.Pro58Arg	Pro	58	Arg	0	4	0
p.Pro58Ala	Pro	58	Ala	0	4	0
p.Pro34Gly	Pro	34	Gly	1	4	0.25
p.Pro34Ala	Pro	34	Ala	0	4	0
p.Pro25Ser	Pro	25	Ser	0	4	0
p.Pro25Lys	Pro	25	Lys	0	4	0
p.Pro25Gly	Pro	25	Gly	0	4	0
p.Pro25Asp	Pro	25	Asp	1	3	0.333333333333333
p.Pro25Arg	Pro	25	Arg	0	4	0
p.Pro25Ala	Pro	25	Ala	0	3	0
p.Phe93Gly	Phe	93	Gly	4	4	1
p.Phe79Ser	Phe	79	Ser	1	4	0.25
p.Phe79Met	Phe	79	Met	0	4	0
p.Phe79Gly	Phe	79	Gly	1	4	0.25
p.Phe79Arg	Phe	79	Arg	3	4	0.75
p.Phe46Gly	Phe	46	Gly	0	4	0
p.Phe43Gly	Phe	43	Gly	0	4	0
p.Met48Val	Met	48	Val	1	4	0.25
p.Met48Gly	Met	48	Gly	0	4	0
p.Met48Arg	Met	48	Arg	3	4	0.75
p.Met48Ala	Met	48	Ala	0	4	0
p.Met18Val	Met	18	Val	2	4	0.5
p.Met18Trp	Met	18	Trp	3	4	0.75
p.Met18Thr	Met	18	Thr	4	3	1
p.Met18Ter	Met	18	Ter	4	4	1
p.Met18Gly	Met	18	Gly	4	4	1
p.Met18Glu	Met	18	Glu	4	4	1
p.Met18Arg	Met	18	Arg	4	4	1
p.Met18Ala	Met	18	Ala	1	4	0.25
p.Lys88Val	Lys	88	Val	0	4	0
p.Lys88Leu	Lys	88	Leu	0	4	0
p.Lys88Gly	Lys	88	Gly	0	4	0
p.Lys88Ala	Lys	88	Ala	0	4	0
p.Lys70Ser	Lys	70	Ser	1	4	0.25
p.Lys65Met	Lys	65	Met	0	4	0
p.Lys65Gly	Lys	65	Gly	0	4	0
p.Lys65Arg	Lys	65	Arg	0	4	0
p.Lys65Ala	Lys	65	Ala	0	3	0
p.Lys56Val	Lys	56	Val	0	3	0
p.Lys56Gly	Lys	56	Gly	0	4	0
p.Lys56Cys	Lys	56	Cys	0	3	0
p.Lys56Arg	Lys	56	Arg	0	4	0
p.Lys56Ala	Lys	56	Ala	1	4	0.25
p.Lys55Val	Lys	55	Val	0	4	0
p.Lys55Thr	Lys	55	Thr	0	4	0
p.Lys55Leu	Lys	55	Leu	0	4	0
p.Lys55Gly	Lys	55	Gly	0	4	0
p.Lys55Arg	Lys	55	Arg	0	4	0
p.Lys50Gly	Lys	50	Gly	0	4	0
p.Lys50Ala	Lys	50	Ala	0	4	0
p.Lys45Gly	Lys	45	Gly	0	4	0
p.Lys45Arg	Lys	45	Arg	0	4	0
p.Lys32Val	Lys	32	Val	0	4	0
p.Lys32Ser	Lys	32	Ser	0	4	0
p.Lys32Gly	Lys	32	Gly	0	4	0
p.Lys32Gln	Lys	32	Gln	1	3	0.333333333333333
p.Lys32Arg	Lys	32	Arg	0	4	0
p.Lys20Leu	Lys	20	Leu	0	4	0
p.Lys20Gly	Lys	20	Gly	0	4	0
p.Lys20Ala	Lys	20	Ala	1	3	0.333333333333333
p.Leu95Gly	Leu	95	Gly	3	4	0.75
p.Leu95Glu	Leu	95	Glu	0	3	0
p.Leu95Arg	Leu	95	Arg	0	4	0
p.Leu82Val	Leu	82	Val	0	3	0
p.Leu82Gly	Leu	82	Gly	3	4	0.75
p.Leu82Arg	Leu	82	Arg	4	4	1
p.Leu73Gly	Leu	73	Gly	2	4	0.5
p.Leu73Arg	Leu	73	Arg	2	4	0.5
p.Leu6Val	Leu	6	Val	0	4	0
p.Leu6Trp	Leu	6	Trp	0	4	0
p.Leu6Gly	Leu	6	Gly	0	4	0
p.Leu6Glu	Leu	6	Glu	0	4	0
p.Leu6Arg	Leu	6	Arg	0	4	0
p.Leu6Ala	Leu	6	Ala	0	4	0
p.Leu63Gly	Leu	63	Gly	0	4	0
p.Leu52Thr	Leu	52	Thr	1	3	0.333333333333333
p.Leu52Gly	Leu	52	Gly	0	4	0
p.Leu52Arg	Leu	52	Arg	1	4	0.25
p.Leu51Gly	Leu	51	Gly	0	4	0
p.Leu51Arg	Leu	51	Arg	0	4	0
p.Leu3Val	Leu	3	Val	0	4	0
p.Leu3Gly	Leu	3	Gly	1	4	0.25
p.Leu3Glu	Leu	3	Glu	0	4	0
p.Leu3Ala	Leu	3	Ala	0	3	0
p.Leu30Val	Leu	30	Val	0	4	0
p.Leu30Thr	Leu	30	Thr	0	3	0
p.Leu30Met	Leu	30	Met	0	4	0
p.Leu30Gly	Leu	30	Gly	0	4	0
p.Leu30Arg	Leu	30	Arg	0	4	0
p.Leu28Val	Leu	28	Val	1	4	0.25
p.Leu28Trp	Leu	28	Trp	0	3	0
p.Leu28Gly	Leu	28	Gly	0	4	0
p.Leu28Gln	Leu	28	Gln	0	4	0
p.Leu28Arg	Leu	28	Arg	0	4	0
p.Leu28Ala	Leu	28	Ala	0	4	0
p.Leu22Thr	Leu	22	Thr	1	4	0.25
p.Leu22Ser	Leu	22	Ser	3	4	0.75
p.Leu22Pro	Leu	22	Pro	4	4	1
p.Leu22His	Leu	22	His	3	3	1
p.Leu22Gly	Leu	22	Gly	4	4	1
p.Leu22Glu	Leu	22	Glu	4	4	1
p.Leu22Arg	Leu	22	Arg	4	3	1
p.Leu22Ala	Leu	22	Ala	1	4	0.25
p.Ile90Val	Ile	90	Val	0	4	0
p.Ile90Thr	Ile	90	Thr	0	3	0
p.Ile90Gly	Ile	90	Gly	0	4	0
p.Ile89Ser	Ile	89	Ser	0	4	0
p.Ile89Gly	Ile	89	Gly	3	4	0.75
p.Ile89Glu	Ile	89	Glu	4	4	1
p.Ile89Asp	Ile	89	Asp	4	3	1
p.Ile89Arg	Ile	89	Arg	4	3	1
p.Ile68Val	Ile	68	Val	0	4	0
p.Ile68Gly	Ile	68	Gly	4	4	1
p.Ile68Cys	Ile	68	Cys	0	4	0
p.Ile68Arg	Ile	68	Arg	4	4	1
p.Ile68Ala	Ile	68	Ala	0	4	0
p.Ile42Pro	Ile	42	Pro	1	4	0.25
p.Ile42Leu	Ile	42	Leu	0	4	0
p.Ile42Arg	Ile	42	Arg	0	4	0
p.Ile42Ala	Ile	42	Ala	1	4	0.25
p.Ile31Val	Ile	31	Val	0	3	0
p.Ile31Lys	Ile	31	Lys	2	3	0.666666666666667
p.Ile31Gly	Ile	31	Gly	1	4	0.25
p.Ile31Glu	Ile	31	Glu	3	4	0.75
p.Ile31Arg	Ile	31	Arg	2	4	0.5
p.Ile26Phe	Ile	26	Phe	0	4	0
p.Ile26Leu	Ile	26	Leu	0	3	0
p.Ile26Gly	Ile	26	Gly	3	4	0.75
p.Ile26Arg	Ile	26	Arg	1	4	0.25
p.Ile21Gly	Ile	21	Gly	0	3	0
p.Ile15Val	Ile	15	Val	0	4	0
p.Ile15Ser	Ile	15	Ser	4	4	1
p.Ile15Gly	Ile	15	Gly	4	4	1
p.His41Val	His	41	Val	4	4	1
p.His41Thr	His	41	Thr	4	4	1
p.His41Ser	His	41	Ser	3	3	1
p.His41Leu	His	41	Leu	4	4	1
p.His41Gly	His	41	Gly	2	4	0.5
p.His41Glu	His	41	Glu	2	4	0.5
p.His41Cys	His	41	Cys	2	3	0.666666666666667
p.His41Arg	His	41	Arg	3	3	1
p.His41Ala	His	41	Ala	1	4	0.25
p.Gly57Arg	Gly	57	Arg	0	4	0
p.Glu9Gly	Glu	9	Gly	0	4	0
p.Glu85Gly	Glu	85	Gly	0	4	0
p.Glu84Gly	Glu	84	Gly	0	4	0
p.Glu84Arg	Glu	84	Arg	0	4	0
p.Glu84Ala	Glu	84	Ala	0	4	0
p.Glu75Gly	Glu	75	Gly	0	4	0
p.Glu33Gly	Glu	33	Gly	1	4	0.25
p.Glu33Ala	Glu	33	Ala	0	4	0
p.Glu29Val	Glu	29	Val	0	4	0
p.Glu29Gly	Glu	29	Gly	0	4	0
p.Glu29Arg	Glu	29	Arg	0	4	0
p.Glu23Ile	Glu	23	Ile	0	4	0
p.Glu10Thr	Glu	10	Thr	1	4	0.25
p.Glu10Gly	Glu	10	Gly	0	4	0
p.Gln94Gly	Gln	94	Gly	0	4	0
p.Gln81Gly	Gln	81	Gly	0	4	0
p.Gln81Glu	Gln	81	Glu	0	4	0
p.Gln74Gly	Gln	74	Gly	0	4	0
p.Gln60Val	Gln	60	Val	0	4	0
p.Gln60Leu	Gln	60	Leu	0	4	0
p.Gln60Gly	Gln	60	Gly	0	4	0
p.Gln60Asp	Gln	60	Asp	0	4	0
p.Gln60Asn	Gln	60	Asn	0	3	0
p.Gln54Val	Gln	54	Val	0	3	0
p.Gln54Leu	Gln	54	Leu	0	4	0
p.Gln19Pro	Gln	19	Pro	3	4	0.75
p.Gln19Gly	Gln	19	Gly	0	4	0
p.Gln19Glu	Gln	19	Glu	0	4	0
p.Gln19Arg	Gln	19	Arg	0	4	0
p.Cys61Val	Cys	61	Val	4	4	1
p.Cys61Gly	Cys	61	Gly	4	4	1
p.Cys47Gly	Cys	47	Gly	4	4	1
p.Cys47Arg	Cys	47	Arg	3	4	0.75
p.Cys44Pro	Cys	44	Pro	4	4	1
p.Cys44Gly	Cys	44	Gly	0	4	0
p.Cys44Glu	Cys	44	Glu	4	4	1
p.Cys44Arg	Cys	44	Arg	4	4	1
p.Cys44Ala	Cys	44	Ala	2	4	0.5
p.Cys39Val	Cys	39	Val	4	4	1
p.Cys39Phe	Cys	39	Phe	4	4	1
p.Cys39Gly	Cys	39	Gly	4	4	1
p.Cys39Arg	Cys	39	Arg	4	4	1
p.Cys39Ala	Cys	39	Ala	4	4	1
p.Cys27Gly	Cys	27	Gly	4	4	1
p.Cys27Arg	Cys	27	Arg	4	4	1
p.Asp67Gly	Asp	67	Gly	0	4	0
p.Asp67Arg	Asp	67	Arg	1	4	0.25
p.Asp40Val	Asp	40	Val	0	3	0
p.Leu99Arg	Leu	99	Arg	0	4	0
p.Leu182Thr	Leu	182	Thr	0	3	0
p.Leu182Pro	Leu	182	Pro	0	4	0
p.Leu182Gly	Leu	182	Gly	1	4	0.25
p.Leu182Glu	Leu	182	Glu	0	4	0
p.Leu182Gln	Leu	182	Gln	1	3	0.333333333333333
p.Leu182Arg	Leu	182	Arg	0	4	0
p.Leu182Ala	Leu	182	Ala	0	4	0
p.Leu165Val	Leu	165	Val	0	4	0
p.Leu165Ser	Leu	165	Ser	0	4	0
p.Leu165Pro	Leu	165	Pro	0	4	0
p.Leu165Gly	Leu	165	Gly	0	4	0
p.Leu165Gln	Leu	165	Gln	0	4	0
p.Leu165Cys	Leu	165	Cys	0	4	0
p.Leu165Asp	Leu	165	Asp	0	3	0
p.Leu165Arg	Leu	165	Arg	0	4	0
p.Leu165Ala	Leu	165	Ala	0	4	0
p.Leu159Val	Leu	159	Val	0	4	0
p.Leu159Ser	Leu	159	Ser	0	4	0
p.Leu159Pro	Leu	159	Pro	1	4	0.25
p.Leu159Gly	Leu	159	Gly	0	4	0
p.Leu159Arg	Leu	159	Arg	0	4	0
p.Leu159Ala	Leu	159	Ala	0	4	0
p.Leu156Gly	Leu	156	Gly	0	3	0
p.Leu156Ala	Leu	156	Ala	0	4	0
p.Leu152Val	Leu	152	Val	0	4	0
p.Leu152Trp	Leu	152	Trp	0	3	0
p.Leu152Thr	Leu	152	Thr	1	4	0.25
p.Leu152Ter	Leu	152	Ter	4	4	1
p.Leu152Ser	Leu	152	Ser	0	4	0
p.Leu152Pro	Leu	152	Pro	0	4	0
p.Leu152Met	Leu	152	Met	0	3	0
p.Leu152Lys	Leu	152	Lys	0	4	0
p.Leu152His	Leu	152	His	0	3	0
p.Leu152Gly	Leu	152	Gly	0	4	0
p.Leu152Gln	Leu	152	Gln	0	3	0
p.Leu152Asp	Leu	152	Asp	1	4	0.25
p.Leu152Arg	Leu	152	Arg	0	4	0
p.Leu152Ala	Leu	152	Ala	0	4	0
p.Leu147Val	Leu	147	Val	0	4	0
p.Leu147Trp	Leu	147	Trp	0	4	0
p.Leu147Ser	Leu	147	Ser	0	3	0
p.Leu147Lys	Leu	147	Lys	0	4	0
p.Leu147Gly	Leu	147	Gly	0	4	0
p.Leu147Glu	Leu	147	Glu	1	4	0.25
p.Leu147Gln	Leu	147	Gln	1	4	0.25
p.Leu147Arg	Leu	147	Arg	0	4	0
p.Leu147Ala	Leu	147	Ala	0	4	0
p.Leu138Val	Leu	138	Val	0	4	0
p.Leu138Thr	Leu	138	Thr	0	3	0
p.Leu138Pro	Leu	138	Pro	0	3	0
p.Leu138Met	Leu	138	Met	0	4	0
p.Leu138Gly	Leu	138	Gly	1	4	0.25
p.Leu138Glu	Leu	138	Glu	0	3	0
p.Leu138Asp	Leu	138	Asp	0	3	0
p.Leu138Arg	Leu	138	Arg	0	4	0
p.Leu138Ala	Leu	138	Ala	0	4	0
p.Leu137Val	Leu	137	Val	0	4	0
p.Leu137Gly	Leu	137	Gly	0	4	0
p.Leu137Glu	Leu	137	Glu	0	4	0
p.Leu137Arg	Leu	137	Arg	0	4	0
p.Leu118Pro	Leu	118	Pro	0	3	0
p.Leu118Gly	Leu	118	Gly	1	4	0.25
p.Leu118Gln	Leu	118	Gln	0	3	0
p.Leu118Arg	Leu	118	Arg	0	4	0
p.Leu118Ala	Leu	118	Ala	0	4	0
p.Ile171Val	Ile	171	Val	0	4	0
p.Ile171Thr	Ile	171	Thr	0	4	0
p.Ile171Ser	Ile	171	Ser	0	3	0
p.Ile171Pro	Ile	171	Pro	0	3	0
p.Ile171Met	Ile	171	Met	0	4	0
p.Ile171Lys	Ile	171	Lys	0	4	0
p.Ile171Leu	Ile	171	Leu	0	4	0
p.Ile171His	Ile	171	His	0	3	0
p.Ile171Gly	Ile	171	Gly	0	4	0
p.Ile171Glu	Ile	171	Glu	0	4	0
p.Ile171Arg	Ile	171	Arg	0	4	0
p.Ile171Ala	Ile	171	Ala	0	4	0
p.Ile125Val	Ile	125	Val	0	4	0
p.Ile125Pro	Ile	125	Pro	0	4	0
p.Ile125Gly	Ile	125	Gly	1	4	0.25
p.Ile125Glu	Ile	125	Glu	0	4	0
p.Ile125Gln	Ile	125	Gln	0	4	0
p.Ile125Cys	Ile	125	Cys	0	3	0
p.Ile125Arg	Ile	125	Arg	0	4	0
p.Ile125Ala	Ile	125	Ala	1	4	0.25
p.Ile124Val	Ile	124	Val	0	4	0
p.Ile124Thr	Ile	124	Thr	0	4	0
p.Ile124Ser	Ile	124	Ser	0	4	0
p.Ile124Pro	Ile	124	Pro	0	4	0
p.Ile124Lys	Ile	124	Lys	0	4	0
p.Ile124Leu	Ile	124	Leu	0	4	0
p.Ile124Gly	Ile	124	Gly	0	4	0
p.Ile124Asp	Ile	124	Asp	0	4	0
p.Ile124Arg	Ile	124	Arg	0	4	0
p.Ile124Ala	Ile	124	Ala	0	4	0
p.His117Val	His	117	Val	0	4	0
p.His117Leu	His	117	Leu	1	4	0.25
p.His117Gly	His	117	Gly	0	4	0
p.Gly98Thr	Gly	98	Thr	0	3	0
p.Gly98Pro	Gly	98	Pro	4	4	1
p.Gly183Val	Gly	183	Val	0	4	0
p.Gly183Trp	Gly	183	Trp	0	3	0
p.Gly183Thr	Gly	183	Thr	0	4	0
p.Gly183Ser	Gly	183	Ser	0	4	0
p.Gly183Pro	Gly	183	Pro	0	4	0
p.Gly183Phe	Gly	183	Phe	0	4	0
p.Gly183Met	Gly	183	Met	0	4	0
p.Gly183Leu	Gly	183	Leu	0	4	0
p.Gly183Ile	Gly	183	Ile	0	3	0
p.Gly183His	Gly	183	His	0	4	0
p.Gly183Glu	Gly	183	Glu	0	4	0
p.Gly183Cys	Gly	183	Cys	1	3	0.333333333333333
p.Gly183Arg	Gly	183	Arg	0	4	0
p.Gly183Ala	Gly	183	Ala	0	4	0
p.Gly160Trp	Gly	160	Trp	0	3	0
p.Gly160Pro	Gly	160	Pro	0	4	0
p.Gly160Met	Gly	160	Met	0	4	0
p.Gly160Gln	Gly	160	Gln	2	4	0.5
p.Gly160Arg	Gly	160	Arg	0	4	0
p.Gly160Ala	Gly	160	Ala	0	4	0
p.Gly129Val	Gly	129	Val	0	4	0
p.Gly129Thr	Gly	129	Thr	0	3	0
p.Gly129Ser	Gly	129	Ser	0	4	0
p.Gly129Lys	Gly	129	Lys	0	3	0
p.Gly129Leu	Gly	129	Leu	0	4	0
p.Gly129Glu	Gly	129	Glu	0	3	0
p.Gly129Asp	Gly	129	Asp	0	4	0
p.Gly129Arg	Gly	129	Arg	0	4	0
p.Gly129Ala	Gly	129	Ala	0	4	0
p.Glu188Val	Glu	188	Val	0	4	0
p.Glu188Tyr	Glu	188	Tyr	0	4	0
p.Glu188Thr	Glu	188	Thr	0	4	0
p.Glu188Ser	Glu	188	Ser	0	4	0
p.Glu188Pro	Glu	188	Pro	0	4	0
p.Glu188Met	Glu	188	Met	0	4	0
p.Glu188Lys	Glu	188	Lys	0	4	0
p.Glu188Leu	Glu	188	Leu	0	4	0
p.Glu188Ile	Glu	188	Ile	0	4	0
p.Glu188His	Glu	188	His	0	4	0
p.Glu188Gly	Glu	188	Gly	0	4	0
p.Glu188Gln	Glu	188	Gln	0	4	0
p.Glu188Cys	Glu	188	Cys	0	3	0
p.Glu188Asp	Glu	188	Asp	0	4	0
p.Glu188Arg	Glu	188	Arg	0	4	0
p.Glu188Ala	Glu	188	Ala	0	4	0
p.Glu181Val	Glu	181	Val	0	4	0
p.Glu181Thr	Glu	181	Thr	0	4	0
p.Glu181Ser	Glu	181	Ser	0	4	0
p.Glu181Pro	Glu	181	Pro	0	4	0
p.Glu181Phe	Glu	181	Phe	0	3	0
p.Glu181Leu	Glu	181	Leu	0	4	0
p.Glu181Ile	Glu	181	Ile	0	3	0
p.Glu181Gly	Glu	181	Gly	0	4	0
p.Glu181Cys	Glu	181	Cys	0	3	0
p.Glu181Arg	Glu	181	Arg	0	4	0
p.Glu181Ala	Glu	181	Ala	0	4	0
p.Glu149Val	Glu	149	Val	0	4	0
p.Glu149Trp	Glu	149	Trp	0	4	0
p.Glu149Thr	Glu	149	Thr	0	4	0
p.Glu149Ser	Glu	149	Ser	0	3	0
p.Glu149Pro	Glu	149	Pro	0	4	0
p.Glu149Gly	Glu	149	Gly	0	4	0
p.Glu149Arg	Glu	149	Arg	0	4	0
p.Glu149Ala	Glu	149	Ala	0	4	0
p.Glu143Val	Glu	143	Val	0	4	0
p.Glu143Tyr	Glu	143	Tyr	0	4	0
p.Glu143Trp	Glu	143	Trp	0	4	0
p.Glu143Thr	Glu	143	Thr	0	3	0
p.Glu143Ser	Glu	143	Ser	1	4	0.25
p.Glu143Pro	Glu	143	Pro	0	3	0
p.Glu143Phe	Glu	143	Phe	0	4	0
p.Glu143Leu	Glu	143	Leu	1	4	0.25
p.Glu143Gly	Glu	143	Gly	0	4	0
p.Glu143Gln	Glu	143	Gln	0	4	0
p.Glu143Cys	Glu	143	Cys	0	4	0
p.Glu143Asp	Glu	143	Asp	0	4	0
p.Glu143Arg	Glu	143	Arg	0	4	0
p.Glu143Ala	Glu	143	Ala	0	4	0
p.Glu141Val	Glu	141	Val	0	4	0
p.Glu141Thr	Glu	141	Thr	0	3	0
p.Glu141Ser	Glu	141	Ser	0	4	0
p.Glu141Lys	Glu	141	Lys	0	3	0
p.Glu141Gly	Glu	141	Gly	0	4	0
p.Glu141Gln	Glu	141	Gln	0	4	0
p.Glu141Arg	Glu	141	Arg	0	4	0
p.Glu141Ala	Glu	141	Ala	0	4	0
p.Glu121Val	Glu	121	Val	0	4	0
p.Glu121Ser	Glu	121	Ser	0	4	0
p.Glu121Pro	Glu	121	Pro	0	4	0
p.Glu121Leu	Glu	121	Leu	0	3	0
p.Glu121Gly	Glu	121	Gly	0	4	0
p.Glu121Arg	Glu	121	Arg	0	4	0
p.Glu121Ala	Glu	121	Ala	0	3	0
p.Glu116Val	Glu	116	Val	0	3	0
p.Glu116Thr	Glu	116	Thr	1	4	0.25
p.Glu116Pro	Glu	116	Pro	0	4	0
p.Glu116Met	Glu	116	Met	1	4	0.25
p.Glu116Leu	Glu	116	Leu	0	4	0
p.Glu116Gly	Glu	116	Gly	0	4	0
p.Glu116Arg	Glu	116	Arg	0	4	0
p.Glu116Ala	Glu	116	Ala	0	4	0
p.Glu111Val	Glu	111	Val	0	4	0
p.Glu111Thr	Glu	111	Thr	0	4	0
p.Glu111Ser	Glu	111	Ser	0	4	0
p.Glu111Pro	Glu	111	Pro	0	4	0
p.Glu111Phe	Glu	111	Phe	0	4	0
p.Glu111Lys	Glu	111	Lys	0	4	0
p.Glu111Ile	Glu	111	Ile	0	4	0
p.Glu111Gly	Glu	111	Gly	0	4	0
p.Glu111Gln	Glu	111	Gln	0	3	0
p.Glu111Asp	Glu	111	Asp	0	3	0
p.Glu111Asn	Glu	111	Asn	0	4	0
p.Glu111Arg	Glu	111	Arg	1	4	0.25
p.Glu111Ala	Glu	111	Ala	0	4	0
p.Glu100Val	Glu	100	Val	0	4	0
p.Glu100Pro	Glu	100	Pro	0	4	0
p.Glu100Leu	Glu	100	Leu	0	3	0
p.Glu100Ile	Glu	100	Ile	0	4	0
p.Glu100Gly	Glu	100	Gly	1	4	0.25
p.Glu100Cys	Glu	100	Cys	0	4	0
p.Glu100Asp	Glu	100	Asp	1	3	0.333333333333333
p.Glu100Asn	Glu	100	Asn	1	4	0.25
p.Glu100Arg	Glu	100	Arg	0	4	0
p.Glu100Ala	Glu	100	Ala	0	4	0
p.Gln174Leu	Gln	174	Leu	0	4	0
p.Gln174Ile	Gln	174	Ile	0	4	0
p.Gln174Gly	Gln	174	Gly	0	4	0
p.Gln174Glu	Gln	174	Glu	0	3	0
p.Gln174Arg	Gln	174	Arg	0	4	0
p.Gln174Ala	Gln	174	Ala	0	4	0
p.Gln172Val	Gln	172	Val	0	4	0
p.Gln172Trp	Gln	172	Trp	0	4	0
p.Gln172Ser	Gln	172	Ser	0	4	0
p.Gln172Pro	Gln	172	Pro	0	4	0
p.Gln172Lys	Gln	172	Lys	0	4	0
p.Gln172Gly	Gln	172	Gly	1	4	0.25
p.Gln172Glu	Gln	172	Glu	0	4	0
p.Gln172Arg	Gln	172	Arg	0	4	0
p.Gln172Ala	Gln	172	Ala	0	4	0
p.Gln169Val	Gln	169	Val	0	4	0
p.Gln169Tyr	Gln	169	Tyr	0	4	0
p.Gln169Thr	Gln	169	Thr	0	4	0
p.Gln169Ser	Gln	169	Ser	0	4	0
p.Gln169Pro	Gln	169	Pro	0	4	0
p.Gln169Leu	Gln	169	Leu	0	4	0
p.Gln169Gly	Gln	169	Gly	0	4	0
p.Gln169Cys	Gln	169	Cys	0	3	0
p.Gln169Arg	Gln	169	Arg	0	4	0
p.Gln169Ala	Gln	169	Ala	0	4	0
p.Gln155Val	Gln	155	Val	0	4	0
p.Gln155Thr	Gln	155	Thr	0	4	0
p.Gln155Ser	Gln	155	Ser	0	4	0
p.Gln155Pro	Gln	155	Pro	0	4	0
p.Gln155Met	Gln	155	Met	0	4	0
p.Gln155Lys	Gln	155	Lys	0	4	0
p.Gln155Leu	Gln	155	Leu	1	4	0.25
p.Gln155Gly	Gln	155	Gly	0	4	0
p.Gln155Glu	Gln	155	Glu	0	4	0
p.Gln155Cys	Gln	155	Cys	0	4	0
p.Gln155Asp	Gln	155	Asp	0	4	0
p.Asp40Gly	Asp	40	Gly	0	4	0
p.Asp40Arg	Asp	40	Arg	0	4	0
p.Asp40Ala	Asp	40	Ala	0	4	0
p.Asp2Gly	Asp	2	Gly	0	4	0
p.Asp2Arg	Asp	2	Arg	0	4	0
p.Asp2Ala	Asp	2	Ala	0	4	0
p.Asn66Val	Asn	66	Val	0	4	0
p.Asn66Phe	Asn	66	Phe	1	3	0.333333333333333
p.Asn66Leu	Asn	66	Leu	0	3	0
p.Asn66Gly	Asn	66	Gly	1	4	0.25
p.Asn66Arg	Asn	66	Arg	0	4	0
p.Asn66Ala	Asn	66	Ala	0	4	0
p.Asn53Val	Asn	53	Val	0	4	0
p.Asn53Trp	Asn	53	Trp	1	3	0.333333333333333
p.Asn53Ser	Asn	53	Ser	0	4	0
p.Asn53Gly	Asn	53	Gly	0	4	0
p.Asn53Asp	Asn	53	Asp	0	4	0
p.Asn53Arg	Asn	53	Arg	1	4	0.25
p.Asn16Gly	Asn	16	Gly	0	4	0
p.Asn16Arg	Asn	16	Arg	0	4	0
p.Asn16Ala	Asn	16	Ala	0	3	0
p.Arg7Val	Arg	7	Val	0	4	0
p.Arg7Gly	Arg	7	Gly	1	4	0.25
p.Arg7Glu	Arg	7	Glu	0	4	0
p.Arg7Gln	Arg	7	Gln	0	3	0
p.Arg7Ala	Arg	7	Ala	0	4	0
p.Arg78Ser	Arg	78	Ser	0	4	0
p.Arg78Gly	Arg	78	Gly	1	4	0.25
p.Arg71Gly	Arg	71	Gly	0	4	0
p.Ala92Thr	Ala	92	Thr	1	3	0.333333333333333
p.Ala92Met	Ala	92	Met	1	3	0.333333333333333
p.Ala92Gly	Ala	92	Gly	0	4	0
p.Ala5Val	Ala	5	Val	0	3	0
p.Ala5Ser	Ala	5	Ser	0	3	0
p.Ala5Gly	Ala	5	Gly	0	4	0
p.Ala5Arg	Ala	5	Arg	0	4	0
p.Ala17Val	Ala	17	Val	0	4	0
p.Ala17Leu	Ala	17	Leu	1	3	0.333333333333333
p.Ala17Gly	Ala	17	Gly	0	4	0
p.Ala17Arg	Ala	17	Arg	0	4	0
