accession,hgvs_pro,score,replicates
urn:mavedb:00000081-a-1#1,p.Thr167Cys,0,4
urn:mavedb:00000081-a-1#2,p.Thr167Arg,1,4
urn:mavedb:00000081-a-1#3,p.Thr167Ala,0,4
urn:mavedb:00000081-a-1#4,p.Thr164Leu,0,4
urn:mavedb:00000081-a-1#5,p.Thr164Gly,0,4
urn:mavedb:00000081-a-1#6,p.Thr164Glu,0,3
urn:mavedb:00000081-a-1#7,p.Thr164Arg,0,4
urn:mavedb:00000081-a-1#8,p.Thr161Val,0,4
urn:mavedb:00000081-a-1#9,p.Thr161Ser,0,4
urn:mavedb:00000081-a-1#10,p.Thr161Pro,0,4
urn:mavedb:00000081-a-1#11,p.Thr161Leu,0,4
urn:mavedb:00000081-a-1#12,p.Thr161Gly,0,4
urn:mavedb:00000081-a-1#13,p.Thr161Glu,0,4
urn:mavedb:00000081-a-1#14,p.Thr161Asp,0,3
urn:mavedb:00000081-a-1#15,p.Thr161Arg,0,4
urn:mavedb:00000081-a-1#16,p.Thr161Ala,0,4
urn:mavedb:00000081-a-1#17,p.Thr150Val,0,3
urn:mavedb:00000081-a-1#18,p.Thr150Ser,0,4
urn:mavedb:00000081-a-1#19,p.Thr150Gly,0,4
urn:mavedb:00000081-a-1#20,p.Thr150Arg,0,4
urn:mavedb:00000081-a-1#21,p.Ser242Asn,0,3
urn:mavedb:00000081-a-1#22,p.Ser186Val,1,4
urn:mavedb:00000081-a-1#23,p.Ser186Thr,0,4
urn:mavedb:00000081-a-1#24,p.Ser186Pro,0,4
urn:mavedb:00000081-a-1#25,p.Ser186Met,0,4
urn:mavedb:00000081-a-1#26,p.Ser186Lys,0,4
urn:mavedb:00000081-a-1#27,p.Ser186Leu,0,4
urn:mavedb:00000081-a-1#28,p.Ser186Ile,0,4
urn:mavedb:00000081-a-1#29,p.Ser186Gly,0,4
urn:mavedb:00000081-a-1#30,p.Ser186Glu,0,4
urn:mavedb:00000081-a-1#31,p.Ser186Gln,0,4
urn:mavedb:00000081-a-1#32,p.Ser186Cys,0,3
urn:mavedb:00000081-a-1#33,p.Ser186Asp,0,4
urn:mavedb:00000081-a-1#34,p.Ser186Arg,0,4
urn:mavedb:00000081-a-1#35,p.Ser186Ala,0,4
urn:mavedb:00000081-a-1#36,p.Ser184Val,0,4
urn:mavedb:00000081-a-1#37,p.Ser184Trp,0,4
urn:mavedb:00000081-a-1#38,p.Ser184Pro,0,4
urn:mavedb:00000081-a-1#39,p.Ser184Met,0,4
urn:mavedb:00000081-a-1#40,p.Ser184Leu,0,4
urn:mavedb:00000081-a-1#41,p.Ser184Gly,1,4
urn:mavedb:00000081-a-1#42,p.Ser184Glu,0,4
urn:mavedb:00000081-a-1#43,p.Ser184Arg,1,4
urn:mavedb:00000081-a-1#44,p.Ser184Ala,0,4
urn:mavedb:00000081-a-1#45,p.Ser177Val,0,4
urn:mavedb:00000081-a-1#46,p.Ser177Pro,0,4
urn:mavedb:00000081-a-1#47,p.Ser177Leu,0,3
urn:mavedb:00000081-a-1#48,p.Ser177Gly,0,4
urn:mavedb:00000081-a-1#49,p.Ser177Glu,0,4
urn:mavedb:00000081-a-1#50,p.Ser177Arg,0,4
urn:mavedb:00000081-a-1#51,p.Ser177Ala,1,4
urn:mavedb:00000081-a-1#52,p.Ser157Val,0,4
urn:mavedb:00000081-a-1#53,p.Ser157Tyr,0,4
urn:mavedb:00000081-a-1#54,p.Ser157Pro,0,4
urn:mavedb:00000081-a-1#55,p.Ser157Phe,0,3
urn:mavedb:00000081-a-1#56,p.Ser157Met,0,3
urn:mavedb:00000081-a-1#57,p.Ser157Leu,0,4
urn:mavedb:00000081-a-1#58,p.Ser157Ile,0,3
urn:mavedb:00000081-a-1#59,p.Ser157His,1,4
urn:mavedb:00000081-a-1#60,p.Ser157Gly,1,4
urn:mavedb:00000081-a-1#61,p.Ser157Arg,0,4
urn:mavedb:00000081-a-1#62,p.Ser157Ala,0,4
urn:mavedb:00000081-a-1#63,p.Ser153Leu,0,4
urn:mavedb:00000081-a-1#64,p.Ser153Gly,0,4
urn:mavedb:00000081-a-1#65,p.Ser153Gln,0,3
urn:mavedb:00000081-a-1#66,p.Ser153Arg,0,4
urn:mavedb:00000081-a-1#67,p.Ser153Ala,0,4
urn:mavedb:00000081-a-1#68,p.Ser151Val,0,4
urn:mavedb:00000081-a-1#69,p.Ser151Trp,0,4
urn:mavedb:00000081-a-1#70,p.Ser151Leu,0,4
urn:mavedb:00000081-a-1#71,p.Ser151Gly,0,4
urn:mavedb:00000081-a-1#72,p.Ser151Glu,0,4
urn:mavedb:00000081-a-1#73,p.Ser151Gln,0,3
urn:mavedb:00000081-a-1#74,p.Ser151Arg,0,4
urn:mavedb:00000081-a-1#75,p.Ser151Ala,0,3
urn:mavedb:00000081-a-1#76,p.Ser146Val,0,4
urn:mavedb:00000081-a-1#77,p.Ser146Trp,0,4
urn:mavedb:00000081-a-1#78,p.Ser146Pro,0,3
urn:mavedb:00000081-a-1#79,p.Ser146Leu,0,4
urn:mavedb:00000081-a-1#80,p.Ser146Gly,0,4
urn:mavedb:00000081-a-1#81,p.Ser146Arg,0,4
urn:mavedb:00000081-a-1#82,p.Ser146Ala,0,4
urn:mavedb:00000081-a-1#83,p.Ser140Val,0,4
urn:mavedb:00000081-a-1#84,p.Ser140Trp,1,4
urn:mavedb:00000081-a-1#85,p.Ser140Thr,0,4
urn:mavedb:00000081-a-1#86,p.Ser140Pro,1,4
urn:mavedb:00000081-a-1#87,p.Ser140Leu,0,3
urn:mavedb:00000081-a-1#88,p.Ser140Ile,1,4
urn:mavedb:00000081-a-1#89,p.Ser140His,0,4
urn:mavedb:00000081-a-1#90,p.Ser140Gly,0,4
urn:mavedb:00000081-a-1#91,p.Ser140Glu,1,4
urn:mavedb:00000081-a-1#92,p.Ser140Gln,0,3
urn:mavedb:00000081-a-1#93,p.Ser140Cys,0,4
urn:mavedb:00000081-a-1#94,p.Ser140Asp,0,4
urn:mavedb:00000081-a-1#95,p.Ser140Arg,0,4
urn:mavedb:00000081-a-1#96,p.Ser140Ala,0,4
urn:mavedb:00000081-a-1#97,p.Ser127Gly,0,4
urn:mavedb:00000081-a-1#98,p.Ser127Ala,0,4
urn:mavedb:00000081-a-1#99,p.Ser123Val,0,4
urn:mavedb:00000081-a-1#100,p.Ser123Pro,0,4
urn:mavedb:00000081-a-1#101,p.Ser123Leu,0,4
urn:mavedb:00000081-a-1#102,p.Ser123Gly,0,4
urn:mavedb:00000081-a-1#103,p.Ser123Arg,0,4
urn:mavedb:00000081-a-1#104,p.Ser123Ala,0,4
urn:mavedb:00000081-a-1#105,p.Ser114Gly,0,4
urn:mavedb:00000081-a-1#106,p.Ser114Arg,0,3
urn:mavedb:00000081-a-1#107,p.Ser114Ala,0,4
urn:mavedb:00000081-a-1#108,p.Ser104Val,0,4
urn:mavedb:00000081-a-1#109,p.Ser104Thr,0,4
urn:mavedb:00000081-a-1#110,p.Ser104Ter,4,4
urn:mavedb:00000081-a-1#111,p.Ser104Pro,0,4
urn:mavedb:00000081-a-1#112,p.Ser104Gly,0,4
urn:mavedb:00000081-a-1#113,p.Ser104Glu,0,3
urn:mavedb:00000081-a-1#114,p.Ser104Asp,0,3
urn:mavedb:00000081-a-1#115,p.Ser104Arg,0,4
urn:mavedb:00000081-a-1#116,p.Ser104Ala,0,4
urn:mavedb:00000081-a-1#117,p.Pro173Ser,0,4
urn:mavedb:00000081-a-1#118,p.Pro173Gly,0,4
urn:mavedb:00000081-a-1#119,p.Pro173Arg,0,4
urn:mavedb:00000081-a-1#120,p.Pro173Ala,0,3
urn:mavedb:00000081-a-1#121,p.Pro145Val,0,4
urn:mavedb:00000081-a-1#122,p.Pro145Phe,0,3
urn:mavedb:00000081-a-1#123,p.Pro145Met,0,4
urn:mavedb:00000081-a-1#124,p.Pro145Leu,0,4
urn:mavedb:00000081-a-1#125,p.Pro145Gly,0,4
urn:mavedb:00000081-a-1#126,p.Pro145Glu,0,4
urn:mavedb:00000081-a-1#127,p.Pro145Gln,0,4
urn:mavedb:00000081-a-1#128,p.Pro145Arg,2,4
urn:mavedb:00000081-a-1#129,p.Pro145Ala,0,4
urn:mavedb:00000081-a-1#130,p.Pro142Val,0,4
urn:mavedb:00000081-a-1#131,p.Pro142Thr,0,4
urn:mavedb:00000081-a-1#132,p.Pro142Lys,0,4
urn:mavedb:00000081-a-1#133,p.Pro142Ile,1,3
urn:mavedb:00000081-a-1#134,p.Pro142Gly,0,4
urn:mavedb:00000081-a-1#135,p.Pro142Glu,0,4
urn:mavedb:00000081-a-1#136,p.Pro142Asp,0,4
urn:mavedb:00000081-a-1#137,p.Pro142Arg,0,4
urn:mavedb:00000081-a-1#138,p.Pro142Ala,0,4
urn:mavedb:00000081-a-1#139,p.Pro115Leu,0,3
urn:mavedb:00000081-a-1#140,p.Pro115Gly,0,4
urn:mavedb:00000081-a-1#141,p.Pro115Gln,0,3
urn:mavedb:00000081-a-1#142,p.Pro115Cys,0,3
urn:mavedb:00000081-a-1#143,p.Pro115Arg,0,4
urn:mavedb:00000081-a-1#144,p.Pro115Ala,0,4
urn:mavedb:00000081-a-1#145,p.Phe107Val,0,4
urn:mavedb:00000081-a-1#146,p.Phe107Ser,1,3
urn:mavedb:00000081-a-1#147,p.Phe107Pro,0,3
urn:mavedb:00000081-a-1#148,p.Phe107Leu,0,4
urn:mavedb:00000081-a-1#149,p.Phe107Gly,0,4
urn:mavedb:00000081-a-1#150,p.Phe107Glu,0,4
urn:mavedb:00000081-a-1#151,p.Phe107Ala,0,4
urn:mavedb:00000081-a-1#152,p.Met128Val,0,4
urn:mavedb:00000081-a-1#153,p.Met128Thr,0,4
urn:mavedb:00000081-a-1#154,p.Met128Ser,0,3
urn:mavedb:00000081-a-1#155,p.Met128Pro,0,4
urn:mavedb:00000081-a-1#156,p.Met128Lys,0,4
urn:mavedb:00000081-a-1#157,p.Met128Leu,0,4
urn:mavedb:00000081-a-1#158,p.Met128Gly,0,4
urn:mavedb:00000081-a-1#159,p.Met128Glu,2,4
urn:mavedb:00000081-a-1#160,p.Met128Arg,1,4
urn:mavedb:00000081-a-1#161,p.Met128Ala,1,4
urn:mavedb:00000081-a-1#162,p.Lys175Val,0,4
urn:mavedb:00000081-a-1#163,p.Lys175Thr,0,4
urn:mavedb:00000081-a-1#164,p.Lys175Ser,0,4
urn:mavedb:00000081-a-1#165,p.Lys175Pro,0,4
urn:mavedb:00000081-a-1#166,p.Lys175Met,0,3
urn:mavedb:00000081-a-1#167,p.Lys175Leu,0,4
urn:mavedb:00000081-a-1#168,p.Lys175Gly,0,4
urn:mavedb:00000081-a-1#169,p.Lys175Glu,0,4
urn:mavedb:00000081-a-1#170,p.Lys175Asp,0,3
urn:mavedb:00000081-a-1#171,p.Lys175Arg,0,4
urn:mavedb:00000081-a-1#172,p.Lys175Ala,0,4
urn:mavedb:00000081-a-1#173,p.Lys168Val,0,4
urn:mavedb:00000081-a-1#174,p.Lys168Trp,0,3
urn:mavedb:00000081-a-1#175,p.Lys168Thr,0,4
urn:mavedb:00000081-a-1#176,p.Lys168Ser,0,4
urn:mavedb:00000081-a-1#177,p.Lys168Pro,0,4
urn:mavedb:00000081-a-1#178,p.Lys168Leu,0,4
urn:mavedb:00000081-a-1#179,p.Lys168Ile,0,4
urn:mavedb:00000081-a-1#180,p.Lys168Gly,0,4
urn:mavedb:00000081-a-1#181,p.Lys168Glu,0,4
urn:mavedb:00000081-a-1#182,p.Lys168Gln,0,3
urn:mavedb:00000081-a-1#183,p.Lys168Cys,0,4
urn:mavedb:00000081-a-1#184,p.Lys168Asp,0,3
urn:mavedb:00000081-a-1#185,p.Lys168Arg,0,4
urn:mavedb:00000081-a-1#186,p.Lys168Ala,0,4
urn:mavedb:00000081-a-1#187,p.Lys135Val,0,4
urn:mavedb:00000081-a-1#188,p.Lys135Tyr,0,4
urn:mavedb:00000081-a-1#189,p.Lys135Thr,0,4
urn:mavedb:00000081-a-1#190,p.Lys135Ser,0,4
urn:mavedb:00000081-a-1#191,p.Lys135Pro,0,4
urn:mavedb:00000081-a-1#192,p.Lys135Phe,0,4
urn:mavedb:00000081-a-1#193,p.Lys135Met,0,3
urn:mavedb:00000081-a-1#194,p.Lys135Leu,0,4
urn:mavedb:00000081-a-1#195,p.Lys135Ile,1,4
urn:mavedb:00000081-a-1#196,p.Lys135His,0,4
urn:mavedb:00000081-a-1#197,p.Lys135Gly,0,4
urn:mavedb:00000081-a-1#198,p.Lys135Glu,0,4
urn:mavedb:00000081-a-1#199,p.Lys135Gln,0,4
urn:mavedb:00000081-a-1#200,p.Lys135Cys,0,4
urn:mavedb:00000081-a-1#201,p.Lys135Asp,0,4
urn:mavedb:00000081-a-1#202,p.Lys135Asn,0,4
urn:mavedb:00000081-a-1#203,p.Lys135Arg,0,4
urn:mavedb:00000081-a-1#204,p.Lys135Ala,0,4
urn:mavedb:00000081-a-1#205,p.Lys110Val,1,4
urn:mavedb:00000081-a-1#206,p.Lys110Ser,0,4
urn:mavedb:00000081-a-1#207,p.Lys110Leu,0,3
urn:mavedb:00000081-a-1#208,p.Lys110Gly,0,4
urn:mavedb:00000081-a-1#209,p.Lys110Glu,0,4
urn:mavedb:00000081-a-1#210,p.Lys110Arg,1,4
urn:mavedb:00000081-a-1#211,p.Lys110Ala,0,4
urn:mavedb:00000081-a-1#212,p.Leu99Val,0,4
urn:mavedb:00000081-a-1#213,p.Leu99Tyr,0,3
urn:mavedb:00000081-a-1#214,p.Leu99Ser,1,4
urn:mavedb:00000081-a-1#215,p.Leu99Gly,2,4
urn:mavedb:00000081-a-1#216,p.Leu99Asp,0,4
urn:mavedb:00000081-a-1#217,p.Gln155Asn,0,3
urn:mavedb:00000081-a-1#218,p.Gln155Arg,0,4
urn:mavedb:00000081-a-1#219,p.Gln155Ala,0,4
urn:mavedb:00000081-a-1#220,p.Gln148Val,0,4
urn:mavedb:00000081-a-1#221,p.Gln148Thr,0,3
urn:mavedb:00000081-a-1#222,p.Gln148Ser,0,4
urn:mavedb:00000081-a-1#223,p.Gln148Pro,0,4
urn:mavedb:00000081-a-1#224,p.Gln148Lys,0,3
urn:mavedb:00000081-a-1#225,p.Gln148Leu,0,4
urn:mavedb:00000081-a-1#226,p.Gln148Gly,0,4
urn:mavedb:00000081-a-1#227,p.Gln148Glu,0,4
urn:mavedb:00000081-a-1#228,p.Gln148Cys,0,4
urn:mavedb:00000081-a-1#229,p.Gln148Arg,0,4
urn:mavedb:00000081-a-1#230,p.Gln148Ala,0,4
urn:mavedb:00000081-a-1#231,p.Gln139Val,0,4
urn:mavedb:00000081-a-1#232,p.Gln139Trp,0,3
urn:mavedb:00000081-a-1#233,p.Gln139Ser,1,4
urn:mavedb:00000081-a-1#234,p.Gln139Phe,0,3
urn:mavedb:00000081-a-1#235,p.Gln139Leu,0,4
urn:mavedb:00000081-a-1#236,p.Gln139Gly,1,4
urn:mavedb:00000081-a-1#237,p.Gln139Asp,0,3
urn:mavedb:00000081-a-1#238,p.Gln139Arg,0,4
urn:mavedb:00000081-a-1#239,p.Gln139Ala,0,4
urn:mavedb:00000081-a-1#240,p.Gln126Ser,0,3
urn:mavedb:00000081-a-1#241,p.Gln126Lys,0,3
urn:mavedb:00000081-a-1#242,p.Gln126Ile,0,3
urn:mavedb:00000081-a-1#243,p.Gln126Gly,0,4
urn:mavedb:00000081-a-1#244,p.Gln126Glu,0,3
urn:mavedb:00000081-a-1#245,p.Gln126Arg,0,4
urn:mavedb:00000081-a-1#246,p.Gln126Ala,1,4
urn:mavedb:00000081-a-1#247,p.Asp189Val,0,4
urn:mavedb:00000081-a-1#248,p.Asp189Ser,0,3
urn:mavedb:00000081-a-1#249,p.Asp189Pro,0,4
urn:mavedb:00000081-a-1#250,p.Asp189Met,0,3
urn:mavedb:00000081-a-1#251,p.Asp189Leu,0,4
urn:mavedb:00000081-a-1#252,p.Asp189Gly,0,4
urn:mavedb:00000081-a-1#253,p.Asp189Asn,0,3
urn:mavedb:00000081-a-1#254,p.Asp189Arg,0,4
urn:mavedb:00000081-a-1#255,p.Asp189Ala,0,4
urn:mavedb:00000081-a-1#256,p.Asp185Val,0,4
urn:mavedb:00000081-a-1#257,p.Asp185Trp,0,4
urn:mavedb:00000081-a-1#258,p.Asp185Thr,0,4
urn:mavedb:00000081-a-1#259,p.Asp185Ser,0,4
urn:mavedb:00000081-a-1#260,p.Asp185Pro,0,4
urn:mavedb:00000081-a-1#261,p.Asp185Lys,0,4
urn:mavedb:00000081-a-1#262,p.Asp185Leu,0,4
urn:mavedb:00000081-a-1#263,p.Asp185Gly,0,4
urn:mavedb:00000081-a-1#264,p.Asp185Glu,0,4
urn:mavedb:00000081-a-1#265,p.Asp185Arg,0,4
urn:mavedb:00000081-a-1#266,p.Asp185Ala,1,4
urn:mavedb:00000081-a-1#267,p.Asp120Val,0,4
urn:mavedb:00000081-a-1#268,p.Asp120Thr,0,4
urn:mavedb:00000081-a-1#269,p.Asp120Ser,0,4
urn:mavedb:00000081-a-1#270,p.Asp120Pro,0,3
urn:mavedb:00000081-a-1#271,p.Asp120Met,0,4
urn:mavedb:00000081-a-1#272,p.Asp120Leu,0,4
urn:mavedb:00000081-a-1#273,p.Asp120Gly,0,4
urn:mavedb:00000081-a-1#274,p.Asp120Glu,0,4
urn:mavedb:00000081-a-1#275,p.Asp120Asn,0,4
urn:mavedb:00000081-a-1#276,p.Asp120Arg,0,4
urn:mavedb:00000081-a-1#277,p.Asp120Ala,0,4
urn:mavedb:00000081-a-1#278,p.Asn158Val,0,3
urn:mavedb:00000081-a-1#279,p.Asn158Trp,0,3
urn:mavedb:00000081-a-1#280,p.Asn158Ser,0,4
urn:mavedb:00000081-a-1#281,p.Asn158Pro,0,3
urn:mavedb:00000081-a-1#282,p.Asn158Leu,0,4
urn:mavedb:00000081-a-1#283,p.Asn158Gly,0,4
urn:mavedb:00000081-a-1#284,p.Asn158Cys,0,3
urn:mavedb:00000081-a-1#285,p.Asn158Arg,1,4
urn:mavedb:00000081-a-1#286,p.Asn158Ala,0,3
urn:mavedb:00000081-a-1#287,p.Asn144Val,0,4
urn:mavedb:00000081-a-1#288,p.Asn144Ser,1,4
urn:mavedb:00000081-a-1#289,p.Asn144Gly,0,4
urn:mavedb:00000081-a-1#290,p.Asn144Glu,0,4
urn:mavedb:00000081-a-1#291,p.Asn144Arg,0,4
urn:mavedb:00000081-a-1#292,p.Asn144Ala,0,4
urn:mavedb:00000081-a-1#293,p.Asn132Thr,1,4
urn:mavedb:00000081-a-1#294,p.Asn132Gly,0,4
urn:mavedb:00000081-a-1#295,p.Asn132Glu,0,4
urn:mavedb:00000081-a-1#296,p.Asn132Arg,0,4
urn:mavedb:00000081-a-1#297,p.Asn113Ser,0,4
urn:mavedb:00000081-a-1#298,p.Asn113Leu,1,4
urn:mavedb:00000081-a-1#299,p.Asn113Gly,0,4
urn:mavedb:00000081-a-1#300,p.Asn113Arg,1,4
urn:mavedb:00000081-a-1#301,p.Asn113Ala,1,4
urn:mavedb:00000081-a-1#302,p.Asn112Gly,0,4
urn:mavedb:00000081-a-1#303,p.Asn106Val,0,4
urn:mavedb:00000081-a-1#304,p.Asn106Thr,0,4
urn:mavedb:00000081-a-1#305,p.Asn106Ser,0,4
urn:mavedb:00000081-a-1#306,p.Asn106Pro,0,4
urn:mavedb:00000081-a-1#307,p.Asn106Phe,0,4
urn:mavedb:00000081-a-1#308,p.Asn106Leu,0,4
urn:mavedb:00000081-a-1#309,p.Asn106Gly,0,4
urn:mavedb:00000081-a-1#310,p.Asn106Arg,0,4
urn:mavedb:00000081-a-1#311,p.Asn106Ala,0,3
urn:mavedb:00000081-a-1#312,p.Asn103Val,0,4
urn:mavedb:00000081-a-1#313,p.Asn103Thr,0,4
urn:mavedb:00000081-a-1#314,p.Asn103Ser,0,4
urn:mavedb:00000081-a-1#315,p.Asn103Pro,0,4
urn:mavedb:00000081-a-1#316,p.Asn103Gly,0,4
urn:mavedb:00000081-a-1#317,p.Asn103Glu,0,3
urn:mavedb:00000081-a-1#318,p.Asn103Arg,0,4
urn:mavedb:00000081-a-1#319,p.Asn103Ala,0,3
urn:mavedb:00000081-a-1#320,p.Arg170Val,0,4
urn:mavedb:00000081-a-1#321,p.Arg170Thr,0,3
urn:mavedb:00000081-a-1#322,p.Arg170Ser,0,4
urn:mavedb:00000081-a-1#323,p.Arg170Pro,0,3
urn:mavedb:00000081-a-1#324,p.Arg170Leu,0,4
urn:mavedb:00000081-a-1#325,p.Arg170His,0,4
urn:mavedb:00000081-a-1#326,p.Arg170Gly,0,4
urn:mavedb:00000081-a-1#327,p.Arg170Glu,0,4
urn:mavedb:00000081-a-1#328,p.Arg170Gln,0,3
urn:mavedb:00000081-a-1#329,p.Arg170Cys,0,4
urn:mavedb:00000081-a-1#330,p.Arg170Asp,0,4
urn:mavedb:00000081-a-1#331,p.Arg170Ala,0,4
urn:mavedb:00000081-a-1#332,p.Arg166Val,0,4
urn:mavedb:00000081-a-1#333,p.Arg166Thr,0,4
urn:mavedb:00000081-a-1#334,p.Arg166Ser,0,4
urn:mavedb:00000081-a-1#335,p.Arg166Pro,0,4
urn:mavedb:00000081-a-1#336,p.Arg166Leu,0,4
urn:mavedb:00000081-a-1#337,p.Arg166Gly,0,4
urn:mavedb:00000081-a-1#338,p.Arg166Glu,0,3
urn:mavedb:00000081-a-1#339,p.Arg166Gln,0,3
urn:mavedb:00000081-a-1#340,p.Arg166Asp,0,4
urn:mavedb:00000081-a-1#341,p.Arg166Ala,0,4
urn:mavedb:00000081-a-1#342,p.Arg163Val,0,4
urn:mavedb:00000081-a-1#343,p.Arg163Thr,0,4
urn:mavedb:00000081-a-1#344,p.Arg163Ser,0,4
urn:mavedb:00000081-a-1#345,p.Arg163Leu,0,3
urn:mavedb:00000081-a-1#346,p.Arg163Ile,0,4
urn:mavedb:00000081-a-1#347,p.Arg163Gly,0,4
urn:mavedb:00000081-a-1#348,p.Arg163Glu,1,4
urn:mavedb:00000081-a-1#349,p.Arg163Ala,0,4
urn:mavedb:00000081-a-1#350,p.Arg136Gly,0,4
urn:mavedb:00000081-a-1#351,p.Arg133Val,0,4
urn:mavedb:00000081-a-1#352,p.Arg133Ser,0,3
urn:mavedb:00000081-a-1#353,p.Arg133Pro,0,4
urn:mavedb:00000081-a-1#354,p.Arg133Leu,0,4
urn:mavedb:00000081-a-1#355,p.Arg133His,0,3
urn:mavedb:00000081-a-1#356,p.Arg133Gly,0,4
urn:mavedb:00000081-a-1#357,p.Arg133Glu,0,4
urn:mavedb:00000081-a-1#358,p.Arg133Gln,0,4
urn:mavedb:00000081-a-1#359,p.Arg133Ala,0,4
urn:mavedb:00000081-a-1#360,p.Arg131Val,0,4
urn:mavedb:00000081-a-1#361,p.Arg131Trp,0,3
urn:mavedb:00000081-a-1#362,p.Arg131Thr,0,4
urn:mavedb:00000081-a-1#363,p.Arg131Ser,0,3
urn:mavedb:00000081-a-1#364,p.Arg131Pro,0,4
urn:mavedb:00000081-a-1#365,p.Arg131Leu,0,4
urn:mavedb:00000081-a-1#366,p.Arg131Gly,0,4
urn:mavedb:00000081-a-1#367,p.Arg131Asp,0,4
urn:mavedb:00000081-a-1#368,p.Arg131Asn,0,3
urn:mavedb:00000081-a-1#369,p.Arg131Ala,0,4
urn:mavedb:00000081-a-1#370,p.Ala134Val,0,4
urn:mavedb:00000081-a-1#371,p.Ala134Thr,1,4
urn:mavedb:00000081-a-1#372,p.Ala134Lys,0,3
urn:mavedb:00000081-a-1#373,p.Ala134Gly,0,4
urn:mavedb:00000081-a-1#374,p.Ala134Glu,0,4
urn:mavedb:00000081-a-1#375,p.Ala134Arg,0,4
urn:mavedb:00000081-a-1#376,p.Ala108Val,0,4
urn:mavedb:00000081-a-1#377,p.Ala108Ser,0,4
urn:mavedb:00000081-a-1#378,p.Ala108Leu,0,4
urn:mavedb:00000081-a-1#379,p.Ala108Gly,0,4
urn:mavedb:00000081-a-1#380,p.Ala108Glu,0,4
urn:mavedb:00000081-a-1#381,p.Ala108Gln,0,4
urn:mavedb:00000081-a-1#382,p.Ala108Cys,0,3
urn:mavedb:00000081-a-1#383,p.Ala108Arg,0,4
urn:mavedb:00000081-a-1#384,p.Ala102Val,0,4
urn:mavedb:00000081-a-1#385,p.Ala102Thr,0,4
urn:mavedb:00000081-a-1#386,p.Ala102Ser,0,4
urn:mavedb:00000081-a-1#387,p.Ala102Pro,0,3
urn:mavedb:00000081-a-1#388,p.Ala102Lys,0,4
urn:mavedb:00000081-a-1#389,p.Ala102Leu,0,4
urn:mavedb:00000081-a-1#390,p.Ala102Gly,0,4
urn:mavedb:00000081-a-1#391,p.Ala102Glu,0,4
urn:mavedb:00000081-a-1#392,p.Ala102Gln,0,4
urn:mavedb:00000081-a-1#393,p.Ala102Asp,0,4
urn:mavedb:00000081-a-1#394,p.Ala102Arg,0,4
urn:mavedb:00000081-a-1#395,p.Val8Gly,0,4
urn:mavedb:00000081-a-1#396,p.Val8Arg,0,4
urn:mavedb:00000081-a-1#397,p.Val83Gly,0,4
urn:mavedb:00000081-a-1#398,p.Val35Gly,3,3
urn:mavedb:00000081-a-1#399,p.Val35Glu,2,3
urn:mavedb:00000081-a-1#400,p.Val14Met,3,4
urn:mavedb:00000081-a-1#401,p.Val14Gly,0,4
urn:mavedb:00000081-a-1#402,p.Val14Arg,2,4
urn:mavedb:00000081-a-1#403,p.Val14Ala,1,4
urn:mavedb:00000081-a-1#404,p.Val11Thr,0,4
urn:mavedb:00000081-a-1#405,p.Val11Gly,4,4
urn:mavedb:00000081-a-1#406,p.Val11Glu,4,4
urn:mavedb:00000081-a-1#407,p.Val191Trp,0,4
urn:mavedb:00000081-a-1#408,p.Val191Ser,0,4
urn:mavedb:00000081-a-1#409,p.Val191Met,0,3
urn:mavedb:00000081-a-1#410,p.Val191Leu,0,3
urn:mavedb:00000081-a-1#411,p.Val191Gly,0,4
urn:mavedb:00000081-a-1#412,p.Val191Glu,0,4
urn:mavedb:00000081-a-1#413,p.Val191Gln,0,4
urn:mavedb:00000081-a-1#414,p.Val191Asp,0,4
urn:mavedb:00000081-a-1#415,p.Val191Arg,0,4
urn:mavedb:00000081-a-1#416,p.Val191Ala,0,4
urn:mavedb:00000081-a-1#417,p.Val178Thr,0,3
urn:mavedb:00000081-a-1#418,p.Val178Ter,4,3
urn:mavedb:00000081-a-1#419,p.Val178Ser,0,4
urn:mavedb:00000081-a-1#420,p.Val178Pro,0,4
urn:mavedb:00000081-a-1#421,p.Val178Phe,0,4
urn:mavedb:00000081-a-1#422,p.Val178Met,0,4
urn:mavedb:00000081-a-1#423,p.Val178Leu,0,4
urn:mavedb:00000081-a-1#424,p.Val178His,0,3
urn:mavedb:00000081-a-1#425,p.Val178Gly,0,4
urn:mavedb:00000081-a-1#426,p.Val178Glu,0,4
urn:mavedb:00000081-a-1#427,p.Val178Arg,0,4
urn:mavedb:00000081-a-1#428,p.Val178Ala,0,4
urn:mavedb:00000081-a-1#429,p.Val162Tyr,0,3
urn:mavedb:00000081-a-1#430,p.Val162Thr,1,4
urn:mavedb:00000081-a-1#431,p.Val162Ser,0,4
urn:mavedb:00000081-a-1#432,p.Val162Pro,0,4
urn:mavedb:00000081-a-1#433,p.Val162Phe,1,4
urn:mavedb:00000081-a-1#434,p.Val162Met,1,4
urn:mavedb:00000081-a-1#435,p.Val162Lys,0,4
urn:mavedb:00000081-a-1#436,p.Val162Leu,0,4
urn:mavedb:00000081-a-1#437,p.Val162Ile,0,4
urn:mavedb:00000081-a-1#438,p.Val162His,0,4
urn:mavedb:00000081-a-1#439,p.Val162Gly,0,4
urn:mavedb:00000081-a-1#440,p.Val162Glu,1,4
urn:mavedb:00000081-a-1#441,p.Val162Gln,0,4
urn:mavedb:00000081-a-1#442,p.Val162Asp,1,4
urn:mavedb:00000081-a-1#443,p.Val162Asn,0,4
urn:mavedb:00000081-a-1#444,p.Val162Arg,0,4
urn:mavedb:00000081-a-1#445,p.Val162Ala,0,4
urn:mavedb:00000081-a-1#446,p.Val154Thr,0,4
urn:mavedb:00000081-a-1#447,p.Val154Ser,0,4
urn:mavedb:00000081-a-1#448,p.Val154Pro,0,3
urn:mavedb:00000081-a-1#449,p.Val154Lys,0,4
urn:mavedb:00000081-a-1#450,p.Val154Gly,0,4
urn:mavedb:00000081-a-1#451,p.Val154Glu,0,4
urn:mavedb:00000081-a-1#452,p.Val154Cys,0,3
urn:mavedb:00000081-a-1#453,p.Val154Arg,0,4
urn:mavedb:00000081-a-1#454,p.Val154Ala,0,4
urn:mavedb:00000081-a-1#455,p.Val122Thr,0,4
urn:mavedb:00000081-a-1#456,p.Val122Ser,0,4
urn:mavedb:00000081-a-1#457,p.Val122Pro,0,3
urn:mavedb:00000081-a-1#458,p.Val122Gly,0,4
urn:mavedb:00000081-a-1#459,p.Val122Glu,0,4
urn:mavedb:00000081-a-1#460,p.Val122Arg,0,4
urn:mavedb:00000081-a-1#461,p.Tyr179Val,0,4
urn:mavedb:00000081-a-1#462,p.Tyr179Thr,0,4
urn:mavedb:00000081-a-1#463,p.Tyr179Ser,0,4
urn:mavedb:00000081-a-1#464,p.Tyr179Pro,0,4
urn:mavedb:00000081-a-1#465,p.Tyr179Phe,0,4
urn:mavedb:00000081-a-1#466,p.Tyr179Met,0,3
urn:mavedb:00000081-a-1#467,p.Tyr179Leu,0,4
urn:mavedb:00000081-a-1#468,p.Tyr179Gly,1,4
urn:mavedb:00000081-a-1#469,p.Tyr179Glu,0,4
urn:mavedb:00000081-a-1#470,p.Tyr179Gln,0,4
urn:mavedb:00000081-a-1#471,p.Tyr179Cys,1,4
urn:mavedb:00000081-a-1#472,p.Tyr179Asp,0,4
urn:mavedb:00000081-a-1#473,p.Tyr179Asn,0,3
urn:mavedb:00000081-a-1#474,p.Tyr179Arg,0,4
urn:mavedb:00000081-a-1#475,p.Tyr179Ala,0,4
urn:mavedb:00000081-a-1#476,p.Tyr130Val,0,4
urn:mavedb:00000081-a-1#477,p.Tyr130Thr,0,4
urn:mavedb:00000081-a-1#478,p.Tyr130Ser,0,4
urn:mavedb:00000081-a-1#479,p.Tyr130Pro,0,4
urn:mavedb:00000081-a-1#480,p.Tyr130Met,0,3
urn:mavedb:00000081-a-1#481,p.Tyr130Lys,0,3
urn:mavedb:00000081-a-1#482,p.Tyr130Leu,0,4
urn:mavedb:00000081-a-1#483,p.Tyr130Gly,1,4
urn:mavedb:00000081-a-1#484,p.Tyr130Glu,0,3
urn:mavedb:00000081-a-1#485,p.Tyr130Cys,0,4
urn:mavedb:00000081-a-1#486,p.Tyr130Arg,0,4
urn:mavedb:00000081-a-1#487,p.Tyr130Ala,0,4
urn:mavedb:00000081-a-1#488,p.Tyr105Val,0,4
urn:mavedb:00000081-a-1#489,p.Tyr105Thr,0,3
urn:mavedb:00000081-a-1#490,p.Tyr105Ser,0,4
urn:mavedb:00000081-a-1#491,p.Tyr105Pro,0,4
urn:mavedb:00000081-a-1#492,p.Tyr105Phe,0,4
urn:mavedb:00000081-a-1#493,p.Tyr105Leu,0,4
urn:mavedb:00000081-a-1#494,p.Tyr105Gly,1,4
urn:mavedb:00000081-a-1#495,p.Tyr105Cys,0,3
urn:mavedb:00000081-a-1#496,p.Tyr105Arg,0,4
urn:mavedb:00000081-a-1#497,p.Tyr105Ala,0,4
urn:mavedb:00000081-a-1#498,p.Tyr101Gly,0,4
urn:mavedb:00000081-a-1#499,p.Tyr101Glu,0,3
urn:mavedb:00000081-a-1#500,p.Tyr101Gln,0,4
urn:mavedb:00000081-a-1#501,p.Tyr101Arg,0,4
urn:mavedb:00000081-a-1#502,p.Tyr101Ala,0,4
urn:mavedb:00000081-a-1#503,p.Thr97Val,0,4
urn:mavedb:00000081-a-1#504,p.Thr97Pro,4,4
urn:mavedb:00000081-a-1#505,p.Thr97Lys,1,3
urn:mavedb:00000081-a-1#506,p.Thr97Leu,0,4
urn:mavedb:00000081-a-1#507,p.Thr97His,3,3
urn:mavedb:00000081-a-1#508,p.Thr97Gly,4,4
urn:mavedb:00000081-a-1#509,p.Thr97Glu,4,4
urn:mavedb:00000081-a-1#510,p.Thr97Gln,2,4
urn:mavedb:00000081-a-1#511,p.Thr97Asn,3,4
urn:mavedb:00000081-a-1#512,p.Thr97Arg,1,4
urn:mavedb:00000081-a-1#513,p.Thr97Ala,2,4
urn:mavedb:00000081-a-1#514,p.Thr190Gly,0,4
urn:mavedb:00000081-a-1#515,p.Thr190Glu,0,3
urn:mavedb:00000081-a-1#516,p.Thr190Asp,0,3
urn:mavedb:00000081-a-1#517,p.Thr190Arg,0,4
urn:mavedb:00000081-a-1#518,p.Thr190Ala,0,4
urn:mavedb:00000081-a-1#519,p.Thr176Val,0,4
urn:mavedb:00000081-a-1#520,p.Thr176Ser,0,4
urn:mavedb:00000081-a-1#521,p.Thr176Pro,0,4
urn:mavedb:00000081-a-1#522,p.Thr176Lys,2,3
urn:mavedb:00000081-a-1#523,p.Thr176Leu,0,4
urn:mavedb:00000081-a-1#524,p.Thr176Gly,0,4
urn:mavedb:00000081-a-1#525,p.Thr176Glu,0,4
urn:mavedb:00000081-a-1#526,p.Thr176Gln,0,4
urn:mavedb:00000081-a-1#527,p.Thr176Cys,0,4
urn:mavedb:00000081-a-1#528,p.Thr176Asp,0,4
urn:mavedb:00000081-a-1#529,p.Thr176Arg,0,4
urn:mavedb:00000081-a-1#530,p.Thr176Ala,0,4
urn:mavedb:00000081-a-1#531,p.Thr167Val,0,4
urn:mavedb:00000081-a-1#532,p.Thr167Trp,0,4
urn:mavedb:00000081-a-1#533,p.Thr167Ser,0,4
urn:mavedb:00000081-a-1#534,p.Thr167Pro,0,4
urn:mavedb:00000081-a-1#535,p.Thr167Phe,0,4
urn:mavedb:00000081-a-1#536,p.Thr167Lys,0,3
urn:mavedb:00000081-a-1#537,p.Thr167Leu,0,4
urn:mavedb:00000081-a-1#538,p.Thr167Ile,0,3
urn:mavedb:00000081-a-1#539,p.Thr167His,1,4
urn:mavedb:00000081-a-1#540,p.Thr167Gly,0,4
urn:mavedb:00000081-a-1#541,p.Thr167Glu,0,4
urn:mavedb:00000081-a-1#542,p.Thr167Gln,0,4
urn:mavedb:00000081-a-1#543,p.Val11Arg,4,4
urn:mavedb:00000081-a-1#544,p.Val11Ala,0,4
urn:mavedb:00000081-a-1#545,p.Thr77Val,0,4
urn:mavedb:00000081-a-1#546,p.Thr77Met,0,4
urn:mavedb:00000081-a-1#547,p.Thr77Gly,0,4
urn:mavedb:00000081-a-1#548,p.Thr77Arg,0,4
urn:mavedb:00000081-a-1#549,p.Thr77Ala,0,4
urn:mavedb:00000081-a-1#550,p.Thr69Gly,0,4
urn:mavedb:00000081-a-1#551,p.Thr37Val,0,4
urn:mavedb:00000081-a-1#552,p.Thr37Gly,0,4
urn:mavedb:00000081-a-1#553,p.Thr37Arg,3,3
urn:mavedb:00000081-a-1#554,p.Ser80Val,0,4
urn:mavedb:00000081-a-1#555,p.Ser80Gly,0,4
urn:mavedb:00000081-a-1#556,p.Ser80Glu,0,4
urn:mavedb:00000081-a-1#557,p.Ser80Arg,0,4
urn:mavedb:00000081-a-1#558,p.Ser80Ala,0,4
urn:mavedb:00000081-a-1#559,p.Ser76Gly,1,4
urn:mavedb:00000081-a-1#560,p.Ser76Glu,0,4
urn:mavedb:00000081-a-1#561,p.Ser76Arg,0,4
urn:mavedb:00000081-a-1#562,p.Ser72Gly,0,4
urn:mavedb:00000081-a-1#563,p.Ser59Gly,1,4
urn:mavedb:00000081-a-1#564,p.Ser59Arg,0,4
urn:mavedb:00000081-a-1#565,p.Ser4Gly,0,4
urn:mavedb:00000081-a-1#566,p.Ser4Arg,0,4
urn:mavedb:00000081-a-1#567,p.Pro58Gly,0,4
urn:mavedb:00000081-a-1#568,p.Pro58Arg,0,4
urn:mavedb:00000081-a-1#569,p.Pro58Ala,0,4
urn:mavedb:00000081-a-1#570,p.Pro34Gly,1,4
urn:mavedb:00000081-a-1#571,p.Pro34Ala,0,4
urn:mavedb:00000081-a-1#572,p.Pro25Ser,0,4
urn:mavedb:00000081-a-1#573,p.Pro25Lys,0,4
urn:mavedb:00000081-a-1#574,p.Pro25Gly,0,4
urn:mavedb:00000081-a-1#575,p.Pro25Asp,1,3
urn:mavedb:00000081-a-1#576,p.Pro25Arg,0,4
urn:mavedb:00000081-a-1#577,p.Pro25Ala,0,3
urn:mavedb:00000081-a-1#578,p.Phe93Gly,4,4
urn:mavedb:00000081-a-1#579,p.Phe79Ser,1,4
urn:mavedb:00000081-a-1#580,p.Phe79Met,0,4
urn:mavedb:00000081-a-1#581,p.Phe79Gly,1,4
urn:mavedb:00000081-a-1#582,p.Phe79Arg,3,4
urn:mavedb:00000081-a-1#583,p.Phe46Gly,0,4
urn:mavedb:00000081-a-1#584,p.Phe43Gly,0,4
urn:mavedb:00000081-a-1#585,p.Met48Val,1,4
urn:mavedb:00000081-a-1#586,p.Met48Gly,0,4
urn:mavedb:00000081-a-1#587,p.Met48Arg,3,4
urn:mavedb:00000081-a-1#588,p.Met48Ala,0,4
urn:mavedb:00000081-a-1#589,p.Met18Val,2,4
urn:mavedb:00000081-a-1#590,p.Met18Trp,3,4
urn:mavedb:00000081-a-1#591,p.Met18Thr,4,3
urn:mavedb:00000081-a-1#592,p.Met18Ter,4,4
urn:mavedb:00000081-a-1#593,p.Met18Gly,4,4
urn:mavedb:00000081-a-1#594,p.Met18Glu,4,4
urn:mavedb:00000081-a-1#595,p.Met18Arg,4,4
urn:mavedb:00000081-a-1#596,p.Met18Ala,1,4
urn:mavedb:00000081-a-1#597,p.Lys88Val,0,4
urn:mavedb:00000081-a-1#598,p.Lys88Leu,0,4
urn:mavedb:00000081-a-1#599,p.Lys88Gly,0,4
urn:mavedb:00000081-a-1#600,p.Lys88Ala,0,4
urn:mavedb:00000081-a-1#601,p.Lys70Ser,1,4
urn:mavedb:00000081-a-1#602,p.Lys65Met,0,4
urn:mavedb:00000081-a-1#603,p.Lys65Gly,0,4
urn:mavedb:00000081-a-1#604,p.Lys65Arg,0,4
urn:mavedb:00000081-a-1#605,p.Lys65Ala,0,3
urn:mavedb:00000081-a-1#606,p.Lys56Val,0,3
urn:mavedb:00000081-a-1#607,p.Lys56Gly,0,4
urn:mavedb:00000081-a-1#608,p.Lys56Cys,0,3
urn:mavedb:00000081-a-1#609,p.Lys56Arg,0,4
urn:mavedb:00000081-a-1#610,p.Lys56Ala,1,4
urn:mavedb:00000081-a-1#611,p.Lys55Val,0,4
urn:mavedb:00000081-a-1#612,p.Lys55Thr,0,4
urn:mavedb:00000081-a-1#613,p.Lys55Leu,0,4
urn:mavedb:00000081-a-1#614,p.Lys55Gly,0,4
urn:mavedb:00000081-a-1#615,p.Lys55Arg,0,4
urn:mavedb:00000081-a-1#616,p.Lys50Gly,0,4
urn:mavedb:00000081-a-1#617,p.Lys50Ala,0,4
urn:mavedb:00000081-a-1#618,p.Lys45Gly,0,4
urn:mavedb:00000081-a-1#619,p.Lys45Arg,0,4
urn:mavedb:00000081-a-1#620,p.Lys32Val,0,4
urn:mavedb:00000081-a-1#621,p.Lys32Ser,0,4
urn:mavedb:00000081-a-1#622,p.Lys32Gly,0,4
urn:mavedb:00000081-a-1#623,p.Lys32Gln,1,3
urn:mavedb:00000081-a-1#624,p.Lys32Arg,0,4
urn:mavedb:00000081-a-1#625,p.Lys20Leu,0,4
urn:mavedb:00000081-a-1#626,p.Lys20Gly,0,4
urn:mavedb:00000081-a-1#627,p.Lys20Ala,1,3
urn:mavedb:00000081-a-1#628,p.Leu95Gly,3,4
urn:mavedb:00000081-a-1#629,p.Leu95Glu,0,3
urn:mavedb:00000081-a-1#630,p.Leu95Arg,0,4
urn:mavedb:00000081-a-1#631,p.Leu82Val,0,3
urn:mavedb:00000081-a-1#632,p.Leu82Gly,3,4
urn:mavedb:00000081-a-1#633,p.Leu82Arg,4,4
urn:mavedb:00000081-a-1#634,p.Leu73Gly,2,4
urn:mavedb:00000081-a-1#635,p.Leu73Arg,2,4
urn:mavedb:00000081-a-1#636,p.Leu6Val,0,4
urn:mavedb:00000081-a-1#637,p.Leu6Trp,0,4
urn:mavedb:00000081-a-1#638,p.Leu6Gly,0,4
urn:mavedb:00000081-a-1#639,p.Leu6Glu,0,4
urn:mavedb:00000081-a-1#640,p.Leu6Arg,0,4
urn:mavedb:00000081-a-1#641,p.Leu6Ala,0,4
urn:mavedb:00000081-a-1#642,p.Leu63Gly,0,4
urn:mavedb:00000081-a-1#643,p.Leu52Thr,1,3
urn:mavedb:00000081-a-1#644,p.Leu52Gly,0,4
urn:mavedb:00000081-a-1#645,p.Leu52Arg,1,4
urn:mavedb:00000081-a-1#646,p.Leu51Gly,0,4
urn:mavedb:00000081-a-1#647,p.Leu51Arg,0,4
urn:mavedb:00000081-a-1#648,p.Leu3Val,0,4
urn:mavedb:00000081-a-1#649,p.Leu3Gly,1,4
urn:mavedb:00000081-a-1#650,p.Leu3Glu,0,4
urn:mavedb:00000081-a-1#651,p.Leu3Ala,0,3
urn:mavedb:00000081-a-1#652,p.Leu30Val,0,4
urn:mavedb:00000081-a-1#653,p.Leu30Thr,0,3
urn:mavedb:00000081-a-1#654,p.Leu30Met,0,4
urn:mavedb:00000081-a-1#655,p.Leu30Gly,0,4
urn:mavedb:00000081-a-1#656,p.Leu30Arg,0,4
urn:mavedb:00000081-a-1#657,p.Leu28Val,1,4
urn:mavedb:00000081-a-1#658,p.Leu28Trp,0,3
urn:mavedb:00000081-a-1#659,p.Leu28Gly,0,4
urn:mavedb:00000081-a-1#660,p.Leu28Gln,0,4
urn:mavedb:00000081-a-1#661,p.Leu28Arg,0,4
urn:mavedb:00000081-a-1#662,p.Leu28Ala,0,4
urn:mavedb:00000081-a-1#663,p.Leu22Thr,1,4
urn:mavedb:00000081-a-1#664,p.Leu22Ser,3,4
urn:mavedb:00000081-a-1#665,p.Leu22Pro,4,4
urn:mavedb:00000081-a-1#666,p.Leu22His,3,3
urn:mavedb:00000081-a-1#667,p.Leu22Gly,4,4
urn:mavedb:00000081-a-1#668,p.Leu22Glu,4,4
urn:mavedb:00000081-a-1#669,p.Leu22Arg,4,3
urn:mavedb:00000081-a-1#670,p.Leu22Ala,1,4
urn:mavedb:00000081-a-1#671,p.Ile90Val,0,4
urn:mavedb:00000081-a-1#672,p.Ile90Thr,0,3
urn:mavedb:00000081-a-1#673,p.Ile90Gly,0,4
urn:mavedb:00000081-a-1#674,p.Ile89Ser,0,4
urn:mavedb:00000081-a-1#675,p.Ile89Gly,3,4
urn:mavedb:00000081-a-1#676,p.Ile89Glu,4,4
urn:mavedb:00000081-a-1#677,p.Ile89Asp,4,3
urn:mavedb:00000081-a-1#678,p.Ile89Arg,4,3
urn:mavedb:00000081-a-1#679,p.Ile68Val,0,4
urn:mavedb:00000081-a-1#680,p.Ile68Gly,4,4
urn:mavedb:00000081-a-1#681,p.Ile68Cys,0,4
urn:mavedb:00000081-a-1#682,p.Ile68Arg,4,4
urn:mavedb:00000081-a-1#683,p.Ile68Ala,0,4
urn:mavedb:00000081-a-1#684,p.Ile42Pro,1,4
urn:mavedb:00000081-a-1#685,p.Ile42Leu,0,4
urn:mavedb:00000081-a-1#686,p.Ile42Arg,0,4
urn:mavedb:00000081-a-1#687,p.Ile42Ala,1,4
urn:mavedb:00000081-a-1#688,p.Ile31Val,0,3
urn:mavedb:00000081-a-1#689,p.Ile31Lys,2,3
urn:mavedb:00000081-a-1#690,p.Ile31Gly,1,4
urn:mavedb:00000081-a-1#691,p.Ile31Glu,3,4
urn:mavedb:00000081-a-1#692,p.Ile31Arg,2,4
urn:mavedb:00000081-a-1#693,p.Ile26Phe,0,4
urn:mavedb:00000081-a-1#694,p.Ile26Leu,0,3
urn:mavedb:00000081-a-1#695,p.Ile26Gly,3,4
urn:mavedb:00000081-a-1#696,p.Ile26Arg,1,4
urn:mavedb:00000081-a-1#697,p.Ile21Gly,0,3
urn:mavedb:00000081-a-1#698,p.Ile15Val,0,4
urn:mavedb:00000081-a-1#699,p.Ile15Ser,4,4
urn:mavedb:00000081-a-1#700,p.Ile15Gly,4,4
urn:mavedb:00000081-a-1#701,p.His41Val,4,4
urn:mavedb:00000081-a-1#702,p.His41Thr,4,4
urn:mavedb:00000081-a-1#703,p.His41Ser,3,3
urn:mavedb:00000081-a-1#704,p.His41Leu,4,4
urn:mavedb:00000081-a-1#705,p.His41Gly,2,4
urn:mavedb:00000081-a-1#706,p.His41Glu,2,4
urn:mavedb:00000081-a-1#707,p.His41Cys,2,3
urn:mavedb:00000081-a-1#708,p.His41Arg,3,3
urn:mavedb:00000081-a-1#709,p.His41Ala,1,4
urn:mavedb:00000081-a-1#710,p.Gly57Arg,0,4
urn:mavedb:00000081-a-1#711,p.Glu9Gly,0,4
urn:mavedb:00000081-a-1#712,p.Glu85Gly,0,4
urn:mavedb:00000081-a-1#713,p.Glu84Gly,0,4
urn:mavedb:00000081-a-1#714,p.Glu84Arg,0,4
urn:mavedb:00000081-a-1#715,p.Glu84Ala,0,4
urn:mavedb:00000081-a-1#716,p.Glu75Gly,0,4
urn:mavedb:00000081-a-1#717,p.Glu33Gly,1,4
urn:mavedb:00000081-a-1#718,p.Glu33Ala,0,4
urn:mavedb:00000081-a-1#719,p.Glu29Val,0,4
urn:mavedb:00000081-a-1#720,p.Glu29Gly,0,4
urn:mavedb:00000081-a-1#721,p.Glu29Arg,0,4
urn:mavedb:00000081-a-1#722,p.Glu23Ile,0,4
urn:mavedb:00000081-a-1#723,p.Glu10Thr,1,4
urn:mavedb:00000081-a-1#724,p.Glu10Gly,0,4
urn:mavedb:00000081-a-1#725,p.Gln94Gly,0,4
urn:mavedb:00000081-a-1#726,p.Gln81Gly,0,4
urn:mavedb:00000081-a-1#727,p.Gln81Glu,0,4
urn:mavedb:00000081-a-1#728,p.Gln74Gly,0,4
urn:mavedb:00000081-a-1#729,p.Gln60Val,0,4
urn:mavedb:00000081-a-1#730,p.Gln60Leu,0,4
urn:mavedb:00000081-a-1#731,p.Gln60Gly,0,4
urn:mavedb:00000081-a-1#732,p.Gln60Asp,0,4
urn:mavedb:00000081-a-1#733,p.Gln60Asn,0,3
urn:mavedb:00000081-a-1#734,p.Gln54Val,0,3
urn:mavedb:00000081-a-1#735,p.Gln54Leu,0,4
urn:mavedb:00000081-a-1#736,p.Gln19Pro,3,4
urn:mavedb:00000081-a-1#737,p.Gln19Gly,0,4
urn:mavedb:00000081-a-1#738,p.Gln19Glu,0,4
urn:mavedb:00000081-a-1#739,p.Gln19Arg,0,4
urn:mavedb:00000081-a-1#740,p.Cys61Val,4,4
urn:mavedb:00000081-a-1#741,p.Cys61Gly,4,4
urn:mavedb:00000081-a-1#742,p.Cys47Gly,4,4
urn:mavedb:00000081-a-1#743,p.Cys47Arg,3,4
urn:mavedb:00000081-a-1#744,p.Cys44Pro,4,4
urn:mavedb:00000081-a-1#745,p.Cys44Gly,0,4
urn:mavedb:00000081-a-1#746,p.Cys44Glu,4,4
urn:mavedb:00000081-a-1#747,p.Cys44Arg,4,4
urn:mavedb:00000081-a-1#748,p.Cys44Ala,2,4
urn:mavedb:00000081-a-1#749,p.Cys39Val,4,4
urn:mavedb:00000081-a-1#750,p.Cys39Phe,4,4
urn:mavedb:00000081-a-1#751,p.Cys39Gly,4,4
urn:mavedb:00000081-a-1#752,p.Cys39Arg,4,4
urn:mavedb:00000081-a-1#753,p.Cys39Ala,4,4
urn:mavedb:00000081-a-1#754,p.Cys27Gly,4,4
urn:mavedb:00000081-a-1#755,p.Cys27Arg,4,4
urn:mavedb:00000081-a-1#756,p.Asp67Gly,0,4
urn:mavedb:00000081-a-1#757,p.Asp67Arg,1,4
urn:mavedb:00000081-a-1#758,p.Asp40Val,0,3
urn:mavedb:00000081-a-1#759,p.Leu99Arg,0,4
urn:mavedb:00000081-a-1#760,p.Leu182Thr,0,3
urn:mavedb:00000081-a-1#761,p.Leu182Pro,0,4
urn:mavedb:00000081-a-1#762,p.Leu182Gly,1,4
urn:mavedb:00000081-a-1#763,p.Leu182Glu,0,4
urn:mavedb:00000081-a-1#764,p.Leu182Gln,1,3
urn:mavedb:00000081-a-1#765,p.Leu182Arg,0,4
urn:mavedb:00000081-a-1#766,p.Leu182Ala,0,4
urn:mavedb:00000081-a-1#767,p.Leu165Val,0,4
urn:mavedb:00000081-a-1#768,p.Leu165Ser,0,4
urn:mavedb:00000081-a-1#769,p.Leu165Pro,0,4
urn:mavedb:00000081-a-1#770,p.Leu165Gly,0,4
urn:mavedb:00000081-a-1#771,p.Leu165Gln,0,4
urn:mavedb:00000081-a-1#772,p.Leu165Cys,0,4
urn:mavedb:00000081-a-1#773,p.Leu165Asp,0,3
urn:mavedb:00000081-a-1#774,p.Leu165Arg,0,4
urn:mavedb:00000081-a-1#775,p.Leu165Ala,0,4
urn:mavedb:00000081-a-1#776,p.Leu159Val,0,4
urn:mavedb:00000081-a-1#777,p.Leu159Ser,0,4
urn:mavedb:00000081-a-1#778,p.Leu159Pro,1,4
urn:mavedb:00000081-a-1#779,p.Leu159Gly,0,4
urn:mavedb:00000081-a-1#780,p.Leu159Arg,0,4
urn:mavedb:00000081-a-1#781,p.Leu159Ala,0,4
urn:mavedb:00000081-a-1#782,p.Leu156Gly,0,3
urn:mavedb:00000081-a-1#783,p.Leu156Ala,0,4
urn:mavedb:00000081-a-1#784,p.Leu152Val,0,4
urn:mavedb:00000081-a-1#785,p.Leu152Trp,0,3
urn:mavedb:00000081-a-1#786,p.Leu152Thr,1,4
urn:mavedb:00000081-a-1#787,p.Leu152Ter,4,4
urn:mavedb:00000081-a-1#788,p.Leu152Ser,0,4
urn:mavedb:00000081-a-1#789,p.Leu152Pro,0,4
urn:mavedb:00000081-a-1#790,p.Leu152Met,0,3
urn:mavedb:00000081-a-1#791,p.Leu152Lys,0,4
urn:mavedb:00000081-a-1#792,p.Leu152His,0,3
urn:mavedb:00000081-a-1#793,p.Leu152Gly,0,4
urn:mavedb:00000081-a-1#794,p.Leu152Gln,0,3
urn:mavedb:00000081-a-1#795,p.Leu152Asp,1,4
urn:mavedb:00000081-a-1#796,p.Leu152Arg,0,4
urn:mavedb:00000081-a-1#797,p.Leu152Ala,0,4
urn:mavedb:00000081-a-1#798,p.Leu147Val,0,4
urn:mavedb:00000081-a-1#799,p.Leu147Trp,0,4
urn:mavedb:00000081-a-1#800,p.Leu147Ser,0,3
urn:mavedb:00000081-a-1#801,p.Leu147Lys,0,4
urn:mavedb:00000081-a-1#802,p.Leu147Gly,0,4
urn:mavedb:00000081-a-1#803,p.Leu147Glu,1,4
urn:mavedb:00000081-a-1#804,p.Leu147Gln,1,4
urn:mavedb:00000081-a-1#805,p.Leu147Arg,0,4
urn:mavedb:00000081-a-1#806,p.Leu147Ala,0,4
urn:mavedb:00000081-a-1#807,p.Leu138Val,0,4
urn:mavedb:00000081-a-1#808,p.Leu138Thr,0,3
urn:mavedb:00000081-a-1#809,p.Leu138Pro,0,3
urn:mavedb:00000081-a-1#810,p.Leu138Met,0,4
urn:mavedb:00000081-a-1#811,p.Leu138Gly,1,4
urn:mavedb:00000081-a-1#812,p.Leu138Glu,0,3
urn:mavedb:00000081-a-1#813,p.Leu138Asp,0,3
urn:mavedb:00000081-a-1#814,p.Leu138Arg,0,4
urn:mavedb:00000081-a-1#815,p.Leu138Ala,0,4
urn:mavedb:00000081-a-1#816,p.Leu137Val,0,4
urn:mavedb:00000081-a-1#817,p.Leu137Gly,0,4
urn:mavedb:00000081-a-1#818,p.Leu137Glu,0,4
urn:mavedb:00000081-a-1#819,p.Leu137Arg,0,4
urn:mavedb:00000081-a-1#820,p.Leu118Pro,0,3
urn:mavedb:00000081-a-1#821,p.Leu118Gly,1,4
urn:mavedb:00000081-a-1#822,p.Leu118Gln,0,3
urn:mavedb:00000081-a-1#823,p.Leu118Arg,0,4
urn:mavedb:00000081-a-1#824,p.Leu118Ala,0,4
urn:mavedb:00000081-a-1#825,p.Ile171Val,0,4
urn:mavedb:00000081-a-1#826,p.Ile171Thr,0,4
urn:mavedb:00000081-a-1#827,p.Ile171Ser,0,3
urn:mavedb:00000081-a-1#828,p.Ile171Pro,0,3
urn:mavedb:00000081-a-1#829,p.Ile171Met,0,4
urn:mavedb:00000081-a-1#830,p.Ile171Lys,0,4
urn:mavedb:00000081-a-1#831,p.Ile171Leu,0,4
urn:mavedb:00000081-a-1#832,p.Ile171His,0,3
urn:mavedb:00000081-a-1#833,p.Ile171Gly,0,4
urn:mavedb:00000081-a-1#834,p.Ile171Glu,0,4
urn:mavedb:00000081-a-1#835,p.Ile171Arg,0,4
urn:mavedb:00000081-a-1#836,p.Ile171Ala,0,4
urn:mavedb:00000081-a-1#837,p.Ile125Val,0,4
urn:mavedb:00000081-a-1#838,p.Ile125Pro,0,4
urn:mavedb:00000081-a-1#839,p.Ile125Gly,1,4
urn:mavedb:00000081-a-1#840,p.Ile125Glu,0,4
urn:mavedb:00000081-a-1#841,p.Ile125Gln,0,4
urn:mavedb:00000081-a-1#842,p.Ile125Cys,0,3
urn:mavedb:00000081-a-1#843,p.Ile125Arg,0,4
urn:mavedb:00000081-a-1#844,p.Ile125Ala,1,4
urn:mavedb:00000081-a-1#845,p.Ile124Val,0,4
urn:mavedb:00000081-a-1#846,p.Ile124Thr,0,4
urn:mavedb:00000081-a-1#847,p.Ile124Ser,0,4
urn:mavedb:00000081-a-1#848,p.Ile124Pro,0,4
urn:mavedb:00000081-a-1#849,p.Ile124Lys,0,4
urn:mavedb:00000081-a-1#850,p.Ile124Leu,0,4
urn:mavedb:00000081-a-1#851,p.Ile124Gly,0,4
urn:mavedb:00000081-a-1#852,p.Ile124Asp,0,4
urn:mavedb:00000081-a-1#853,p.Ile124Arg,0,4
urn:mavedb:00000081-a-1#854,p.Ile124Ala,0,4
urn:mavedb:00000081-a-1#855,p.His117Val,0,4
urn:mavedb:00000081-a-1#856,p.His117Leu,1,4
urn:mavedb:00000081-a-1#857,p.His117Gly,0,4
urn:mavedb:00000081-a-1#858,p.Gly98Thr,0,3
urn:mavedb:00000081-a-1#859,p.Gly98Pro,4,4
urn:mavedb:00000081-a-1#860,p.Gly183Val,0,4
urn:mavedb:00000081-a-1#861,p.Gly183Trp,0,3
urn:mavedb:00000081-a-1#862,p.Gly183Thr,0,4
urn:mavedb:00000081-a-1#863,p.Gly183Ser,0,4
urn:mavedb:00000081-a-1#864,p.Gly183Pro,0,4
urn:mavedb:00000081-a-1#865,p.Gly183Phe,0,4
urn:mavedb:00000081-a-1#866,p.Gly183Met,0,4
urn:mavedb:00000081-a-1#867,p.Gly183Leu,0,4
urn:mavedb:00000081-a-1#868,p.Gly183Ile,0,3
urn:mavedb:00000081-a-1#869,p.Gly183His,0,4
urn:mavedb:00000081-a-1#870,p.Gly183Glu,0,4
urn:mavedb:00000081-a-1#871,p.Gly183Cys,1,3
urn:mavedb:00000081-a-1#872,p.Gly183Arg,0,4
urn:mavedb:00000081-a-1#873,p.Gly183Ala,0,4
urn:mavedb:00000081-a-1#874,p.Gly160Trp,0,3
urn:mavedb:00000081-a-1#875,p.Gly160Pro,0,4
urn:mavedb:00000081-a-1#876,p.Gly160Met,0,4
urn:mavedb:00000081-a-1#877,p.Gly160Gln,2,4
urn:mavedb:00000081-a-1#878,p.Gly160Arg,0,4
urn:mavedb:00000081-a-1#879,p.Gly160Ala,0,4
urn:mavedb:00000081-a-1#880,p.Gly129Val,0,4
urn:mavedb:00000081-a-1#881,p.Gly129Thr,0,3
urn:mavedb:00000081-a-1#882,p.Gly129Ser,0,4
urn:mavedb:00000081-a-1#883,p.Gly129Lys,0,3
urn:mavedb:00000081-a-1#884,p.Gly129Leu,0,4
urn:mavedb:00000081-a-1#885,p.Gly129Glu,0,3
urn:mavedb:00000081-a-1#886,p.Gly129Asp,0,4
urn:mavedb:00000081-a-1#887,p.Gly129Arg,0,4
urn:mavedb:00000081-a-1#888,p.Gly129Ala,0,4
urn:mavedb:00000081-a-1#889,p.Glu188Val,0,4
urn:mavedb:00000081-a-1#890,p.Glu188Tyr,0,4
urn:mavedb:00000081-a-1#891,p.Glu188Thr,0,4
urn:mavedb:00000081-a-1#892,p.Glu188Ser,0,4
urn:mavedb:00000081-a-1#893,p.Glu188Pro,0,4
urn:mavedb:00000081-a-1#894,p.Glu188Met,0,4
urn:mavedb:00000081-a-1#895,p.Glu188Lys,0,4
urn:mavedb:00000081-a-1#896,p.Glu188Leu,0,4
urn:mavedb:00000081-a-1#897,p.Glu188Ile,0,4
urn:mavedb:00000081-a-1#898,p.Glu188His,0,4
urn:mavedb:00000081-a-1#899,p.Glu188Gly,0,4
urn:mavedb:00000081-a-1#900,p.Glu188Gln,0,4
urn:mavedb:00000081-a-1#901,p.Glu188Cys,0,3
urn:mavedb:00000081-a-1#902,p.Glu188Asp,0,4
urn:mavedb:00000081-a-1#903,p.Glu188Arg,0,4
urn:mavedb:00000081-a-1#904,p.Glu188Ala,0,4
urn:mavedb:00000081-a-1#905,p.Glu181Val,0,4
urn:mavedb:00000081-a-1#906,p.Glu181Thr,0,4
urn:mavedb:00000081-a-1#907,p.Glu181Ser,0,4
urn:mavedb:00000081-a-1#908,p.Glu181Pro,0,4
urn:mavedb:00000081-a-1#909,p.Glu181Phe,0,3
urn:mavedb:00000081-a-1#910,p.Glu181Leu,0,4
urn:mavedb:00000081-a-1#911,p.Glu181Ile,0,3
urn:mavedb:00000081-a-1#912,p.Glu181Gly,0,4
urn:mavedb:00000081-a-1#913,p.Glu181Cys,0,3
urn:mavedb:00000081-a-1#914,p.Glu181Arg,0,4
urn:mavedb:00000081-a-1#915,p.Glu181Ala,0,4
urn:mavedb:00000081-a-1#916,p.Glu149Val,0,4
urn:mavedb:00000081-a-1#917,p.Glu149Trp,0,4
urn:mavedb:00000081-a-1#918,p.Glu149Thr,0,4
urn:mavedb:00000081-a-1#919,p.Glu149Ser,0,3
urn:mavedb:00000081-a-1#920,p.Glu149Pro,0,4
urn:mavedb:00000081-a-1#921,p.Glu149Gly,0,4
urn:mavedb:00000081-a-1#922,p.Glu149Arg,0,4
urn:mavedb:00000081-a-1#923,p.Glu149Ala,0,4
urn:mavedb:00000081-a-1#924,p.Glu143Val,0,4
urn:mavedb:00000081-a-1#925,p.Glu143Tyr,0,4
urn:mavedb:00000081-a-1#926,p.Glu143Trp,0,4
urn:mavedb:00000081-a-1#927,p.Glu143Thr,0,3
urn:mavedb:00000081-a-1#928,p.Glu143Ser,1,4
urn:mavedb:00000081-a-1#929,p.Glu143Pro,0,3
urn:mavedb:00000081-a-1#930,p.Glu143Phe,0,4
urn:mavedb:00000081-a-1#931,p.Glu143Leu,1,4
urn:mavedb:00000081-a-1#932,p.Glu143Gly,0,4
urn:mavedb:00000081-a-1#933,p.Glu143Gln,0,4
urn:mavedb:00000081-a-1#934,p.Glu143Cys,0,4
urn:mavedb:00000081-a-1#935,p.Glu143Asp,0,4
urn:mavedb:00000081-a-1#936,p.Glu143Arg,0,4
urn:mavedb:00000081-a-1#937,p.Glu143Ala,0,4
urn:mavedb:00000081-a-1#938,p.Glu141Val,0,4
urn:mavedb:00000081-a-1#939,p.Glu141Thr,0,3
urn:mavedb:00000081-a-1#940,p.Glu141Ser,0,4
urn:mavedb:00000081-a-1#941,p.Glu141Lys,0,3
urn:mavedb:00000081-a-1#942,p.Glu141Gly,0,4
urn:mavedb:00000081-a-1#943,p.Glu141Gln,0,4
urn:mavedb:00000081-a-1#944,p.Glu141Arg,0,4
urn:mavedb:00000081-a-1#945,p.Glu141Ala,0,4
urn:mavedb:00000081-a-1#946,p.Glu121Val,0,4
urn:mavedb:00000081-a-1#947,p.Glu121Ser,0,4
urn:mavedb:00000081-a-1#948,p.Glu121Pro,0,4
urn:mavedb:00000081-a-1#949,p.Glu121Leu,0,3
urn:mavedb:00000081-a-1#950,p.Glu121Gly,0,4
urn:mavedb:00000081-a-1#951,p.Glu121Arg,0,4
urn:mavedb:00000081-a-1#952,p.Glu121Ala,0,3
urn:mavedb:00000081-a-1#953,p.Glu116Val,0,3
urn:mavedb:00000081-a-1#954,p.Glu116Thr,1,4
urn:mavedb:00000081-a-1#955,p.Glu116Pro,0,4
urn:mavedb:00000081-a-1#956,p.Glu116Met,1,4
urn:mavedb:00000081-a-1#957,p.Glu116Leu,0,4
urn:mavedb:00000081-a-1#958,p.Glu116Gly,0,4
urn:mavedb:00000081-a-1#959,p.Glu116Arg,0,4
urn:mavedb:00000081-a-1#960,p.Glu116Ala,0,4
urn:mavedb:00000081-a-1#961,p.Glu111Val,0,4
urn:mavedb:00000081-a-1#962,p.Glu111Thr,0,4
urn:mavedb:00000081-a-1#963,p.Glu111Ser,0,4
urn:mavedb:00000081-a-1#964,p.Glu111Pro,0,4
urn:mavedb:00000081-a-1#965,p.Glu111Phe,0,4
urn:mavedb:00000081-a-1#966,p.Glu111Lys,0,4
urn:mavedb:00000081-a-1#967,p.Glu111Ile,0,4
urn:mavedb:00000081-a-1#968,p.Glu111Gly,0,4
urn:mavedb:00000081-a-1#969,p.Glu111Gln,0,3
urn:mavedb:00000081-a-1#970,p.Glu111Asp,0,3
urn:mavedb:00000081-a-1#971,p.Glu111Asn,0,4
urn:mavedb:00000081-a-1#972,p.Glu111Arg,1,4
urn:mavedb:00000081-a-1#973,p.Glu111Ala,0,4
urn:mavedb:00000081-a-1#974,p.Glu100Val,0,4
urn:mavedb:00000081-a-1#975,p.Glu100Pro,0,4
urn:mavedb:00000081-a-1#976,p.Glu100Leu,0,3
urn:mavedb:00000081-a-1#977,p.Glu100Ile,0,4
urn:mavedb:00000081-a-1#978,p.Glu100Gly,1,4
urn:mavedb:00000081-a-1#979,p.Glu100Cys,0,4
urn:mavedb:00000081-a-1#980,p.Glu100Asp,1,3
urn:mavedb:00000081-a-1#981,p.Glu100Asn,1,4
urn:mavedb:00000081-a-1#982,p.Glu100Arg,0,4
urn:mavedb:00000081-a-1#983,p.Glu100Ala,0,4
urn:mavedb:00000081-a-1#984,p.Gln174Leu,0,4
urn:mavedb:00000081-a-1#985,p.Gln174Ile,0,4
urn:mavedb:00000081-a-1#986,p.Gln174Gly,0,4
urn:mavedb:00000081-a-1#987,p.Gln174Glu,0,3
urn:mavedb:00000081-a-1#988,p.Gln174Arg,0,4
urn:mavedb:00000081-a-1#989,p.Gln174Ala,0,4
urn:mavedb:00000081-a-1#990,p.Gln172Val,0,4
urn:mavedb:00000081-a-1#991,p.Gln172Trp,0,4
urn:mavedb:00000081-a-1#992,p.Gln172Ser,0,4
urn:mavedb:00000081-a-1#993,p.Gln172Pro,0,4
urn:mavedb:00000081-a-1#994,p.Gln172Lys,0,4
urn:mavedb:00000081-a-1#995,p.Gln172Gly,1,4
urn:mavedb:00000081-a-1#996,p.Gln172Glu,0,4
urn:mavedb:00000081-a-1#997,p.Gln172Arg,0,4
urn:mavedb:00000081-a-1#998,p.Gln172Ala,0,4
urn:mavedb:00000081-a-1#999,p.Gln169Val,0,4
urn:mavedb:00000081-a-1#1000,p.Gln169Tyr,0,4
urn:mavedb:00000081-a-1#1001,p.Gln169Thr,0,4
urn:mavedb:00000081-a-1#1002,p.Gln169Ser,0,4
urn:mavedb:00000081-a-1#1003,p.Gln169Pro,0,4
urn:mavedb:00000081-a-1#1004,p.Gln169Leu,0,4
urn:mavedb:00000081-a-1#1005,p.Gln169Gly,0,4
urn:mavedb:00000081-a-1#1006,p.Gln169Cys,0,3
urn:mavedb:00000081-a-1#1007,p.Gln169Arg,0,4
urn:mavedb:00000081-a-1#1008,p.Gln169Ala,0,4
urn:mavedb:00000081-a-1#1009,p.Gln155Val,0,4
urn:mavedb:00000081-a-1#1010,p.Gln155Thr,0,4
urn:mavedb:00000081-a-1#1011,p.Gln155Ser,0,4
urn:mavedb:00000081-a-1#1012,p.Gln155Pro,0,4
urn:mavedb:00000081-a-1#1013,p.Gln155Met,0,4
urn:mavedb:00000081-a-1#1014,p.Gln155Lys,0,4
urn:mavedb:00000081-a-1#1015,p.Gln155Leu,1,4
urn:mavedb:00000081-a-1#1016,p.Gln155Gly,0,4
urn:mavedb:00000081-a-1#1017,p.Gln155Glu,0,4
urn:mavedb:00000081-a-1#1018,p.Gln155Cys,0,4
urn:mavedb:00000081-a-1#1019,p.Gln155Asp,0,4
urn:mavedb:00000081-a-1#1020,p.Asp40Gly,0,4
urn:mavedb:00000081-a-1#1021,p.Asp40Arg,0,4
urn:mavedb:00000081-a-1#1022,p.Asp40Ala,0,4
urn:mavedb:00000081-a-1#1023,p.Asp2Gly,0,4
urn:mavedb:00000081-a-1#1024,p.Asp2Arg,0,4
urn:mavedb:00000081-a-1#1025,p.Asp2Ala,0,4
urn:mavedb:00000081-a-1#1026,p.Asn66Val,0,4
urn:mavedb:00000081-a-1#1027,p.Asn66Phe,1,3
urn:mavedb:00000081-a-1#1028,p.Asn66Leu,0,3
urn:mavedb:00000081-a-1#1029,p.Asn66Gly,1,4
urn:mavedb:00000081-a-1#1030,p.Asn66Arg,0,4
urn:mavedb:00000081-a-1#1031,p.Asn66Ala,0,4
urn:mavedb:00000081-a-1#1032,p.Asn53Val,0,4
urn:mavedb:00000081-a-1#1033,p.Asn53Trp,1,3
urn:mavedb:00000081-a-1#1034,p.Asn53Ser,0,4
urn:mavedb:00000081-a-1#1035,p.Asn53Gly,0,4
urn:mavedb:00000081-a-1#1036,p.Asn53Asp,0,4
urn:mavedb:00000081-a-1#1037,p.Asn53Arg,1,4
urn:mavedb:00000081-a-1#1038,p.Asn16Gly,0,4
urn:mavedb:00000081-a-1#1039,p.Asn16Arg,0,4
urn:mavedb:00000081-a-1#1040,p.Asn16Ala,0,3
urn:mavedb:00000081-a-1#1041,p.Arg7Val,0,4
urn:mavedb:00000081-a-1#1042,p.Arg7Gly,1,4
urn:mavedb:00000081-a-1#1043,p.Arg7Glu,0,4
urn:mavedb:00000081-a-1#1044,p.Arg7Gln,0,3
urn:mavedb:00000081-a-1#1045,p.Arg7Ala,0,4
urn:mavedb:00000081-a-1#1046,p.Arg78Ser,0,4
urn:mavedb:00000081-a-1#1047,p.Arg78Gly,1,4
urn:mavedb:00000081-a-1#1048,p.Arg71Gly,0,4
urn:mavedb:00000081-a-1#1049,p.Ala92Thr,1,3
urn:mavedb:00000081-a-1#1050,p.Ala92Met,1,3
urn:mavedb:00000081-a-1#1051,p.Ala92Gly,0,4
urn:mavedb:00000081-a-1#1052,p.Ala5Val,0,3
urn:mavedb:00000081-a-1#1053,p.Ala5Ser,0,3
urn:mavedb:00000081-a-1#1054,p.Ala5Gly,0,4
urn:mavedb:00000081-a-1#1055,p.Ala5Arg,0,4
urn:mavedb:00000081-a-1#1056,p.Ala17Val,0,4
urn:mavedb:00000081-a-1#1057,p.Ala17Leu,1,3
urn:mavedb:00000081-a-1#1058,p.Ala17Gly,0,4
urn:mavedb:00000081-a-1#1059,p.Ala17Arg,0,4
urn:mavedb:00000081-a-1#1060,p.=,0,4
urn:mavedb:00000081-a-1#1061,p.(=),0,4
